{
  "species": "cobblemon:wartortle",
  "order": 1,
  "variations": [
    {
      "aspects": ["clone"],
      "texture": "cobblemon:textures/pokemon/0008_wartortle/wartortle_clone.png",
      "layers": []
    },
    {
      "aspects": ["clone","shiny"],
      "texture": "cobblemon:textures/pokemon/0008_wartortle/wartortle_clone_shiny.png"
    },
    {
      "aspects": ["clone","cosmetic_item-black_glasses"],
      "layers": [
        {
          "texture": "cobblemon:textures/pokemon/0008_wartortle/wartortle_triangleglasses.png"
        }
      ]
    },
    {
      "aspects": ["clone","cosmetic_item-wise_glasses"],
      "layers": [
        {
          "texture": "cobblemon:textures/pokemon/0008_wartortle/wartortle_circleglasses.png"
        }
      ]
    }
  ]
}
