{
  "head": "head",
  "portraitScale": 0.5,
  "portraitTranslation": [
    0,
    0.5,
    0
  ],
  "profileScale": 0.5,
  "profileTranslation": [
    0,
    0.5,
    0
  ],
  "cry": "bedrock(snorlax_snowman_gmax, cry)",
  "poses": {
    "battle-idle": {
      "poseName": "battle-idle",
      "transformTicks": 10,
      "poseTypes": [
        "STAND"
      ],
      "isBattle": true,
      "isTouchingWater": false,
      "animations": [
        "bedrock(snorlax_snowman_gmax, ground_idle)"
      ],
      "quirks": [
        {
          "name": "quirk_idle",
          "transformTicks": 10,
          "loopTimes": 1,
          "minSecondsBetweenOccurrences": 19,
          "maxSecondsBetweenOccurrences": 20,
          "animations": [
            "bedrock(snorlax_snowman_gmax, quirk_idle)"
          ]
        }
      ]
    },
    "standing": {
      "poseName": "standing",
      "transformTicks": 10,
      "poseTypes": [
        "STAND",
        "NONE",
        "PORTRAIT",
        "PROFILE"
      ],
      "animations": [
        "look",
        "bedrock(snorlax_snowman_gmax, ground_idle)"
      ]
    },
    "walking": {
      "poseName": "walking",
      "transformTicks": 10,
      "poseTypes": [
        "WALK"
      ],
      "animations": [
        "bedrock(snorlax_snowman_gmax, ground_idle)"
      ]
    }
  }
}