{
	"format_version": "1.12.0",
	"minecraft:geometry": [
		{
			"description": {
				"identifier": "geometry.venusaur_male",
				"texture_width": 256,
				"texture_height": 256,
				"visible_bounds_width": 6,
				"visible_bounds_height": 4.5,
				"visible_bounds_offset": [0, 1.75, 0]
			},
			"bones": [
				{
					"name": "venusaur",
					"pivot": [0, 0, 0]
				},
				{
					"name": "body",
					"parent": "venusaur",
					"pivot": [0, 14, 7.5]
				},
				{
					"name": "waist",
					"parent": "body",
					"pivot": [0, 14, 15.5]
				},
				{
					"name": "torso",
					"parent": "waist",
					"pivot": [0, 14, 5.5],
					"cubes": [
						{"origin": [-15, 4, 4.5], "size": [30, 17, 15], "inflate": 0.01, "uv": [0, 0]},
						{"origin": [-12, 5.5, 19.5], "size": [24, 14, 4], "inflate": 0.01, "uv": [80, 35]},
						{"origin": [-12, 5.5, 19.5], "size": [24, 14, 4], "inflate": 0.25, "uv": [68, 76]}
					]
				},
				{
					"name": "torso2",
					"parent": "torso",
					"pivot": [-2, 16, 5.5],
					"cubes": [
						{"origin": [-14, 4, -6.5], "size": [28, 17, 12], "inflate": 0.01, "uv": [0, 32]}
					]
				},
				{
					"name": "neck_flap",
					"parent": "torso2",
					"pivot": [0, 4, -6.5],
					"rotation": [-52.5, 0, 0],
					"cubes": [
						{"origin": [-8.5, 4, -12.5], "size": [17, 10, 6], "inflate": 0.01, "uv": [48, 117]}
					]
				},
				{
					"name": "head",
					"parent": "torso2",
					"pivot": [0, 16, -5.5],
					"rotation": [10, 0, 0],
					"cubes": [
						{"origin": [-12, 13, -11], "size": [24, 7, 6], "inflate": 0.01, "uv": [75, 0]},
						{"origin": [-13.5, 9, -12], "size": [27, 8, 7], "uv": [51, 61]}
					]
				},
				{
					"name": "eyes",
					"parent": "head",
					"pivot": [0, 15, -17]
				},
				{
					"name": "eye_left",
					"parent": "eyes",
					"pivot": [5.8, 15, -16.55],
					"rotation": [10, 45, 0],
					"cubes": [
						{"origin": [6.3, 13.5, -19.05], "size": [0, 4, 5], "inflate": 0.005, "uv": [0, 89]}
					]
				},
				{
					"name": "pupil_left",
					"parent": "eye_left",
					"pivot": [5.8, 15.75, -17.05],
					"cubes": [
						{"origin": [5.3, 14.75, -18.05], "size": [1, 2, 2], "inflate": 0.01, "uv": [60, 86]},
						{"origin": [5.3, 15.25, -17.55], "size": [1, 1, 1], "inflate": 0.015, "uv": [10, 86]}
					]
				},
				{
					"name": "eyelid_left",
					"parent": "eye_left",
					"pivot": [5.3, 13.5, -18.05],
					"cubes": [
						{"origin": [6.2, 13.5, -19.05], "size": [0, 4, 5], "inflate": 0.02, "uv": [34, 88]}
					]
				},
				{
					"name": "eyelid_happy_left",
					"parent": "eye_left",
					"pivot": [5.4, 13.5, -18.05],
					"cubes": [
						{"origin": [6.2, 13.5, -19.05], "size": [0, 4, 5], "inflate": 0.02, "uv": [0, 85]}
					]
				},
				{
					"name": "eyelid_recoil_left",
					"parent": "eye_left",
					"pivot": [5.4, 13.5, -18.05],
					"cubes": [
						{"origin": [6.2, 13.5, -19.05], "size": [0, 4, 5], "inflate": 0.02, "uv": [0, 35]}
					]
				},
				{
					"name": "eye_red_left",
					"parent": "eye_left",
					"pivot": [5.3, 13.5, -18.05],
					"cubes": [
						{"origin": [6.2, 13.5, -19.05], "size": [0, 4, 5], "inflate": 0.01, "uv": [0, 31]}
					]
				},
				{
					"name": "pupil_blue_left",
					"parent": "eye_red_left",
					"pivot": [5.2, 14.75, -17.05],
					"cubes": [
						{"origin": [5.2, 14.75, -18.05], "size": [1, 2, 2], "inflate": 0.015, "uv": [51, 61]},
						{"origin": [5.2, 15.25, -17.55], "size": [1, 1, 1], "inflate": 0.02, "uv": [10, 86]}
					]
				},
				{
					"name": "eyebrow_left",
					"parent": "eye_left",
					"pivot": [6.3, 17, -16.55],
					"cubes": [
						{"origin": [5.55, 16, -19.05], "size": [1, 2, 5], "inflate": 0.05, "uv": [5, 70]}
					]
				},
				{
					"name": "eye_right",
					"parent": "eyes",
					"pivot": [-5.8, 15, -16.55],
					"rotation": [10, -45, 0],
					"cubes": [
						{"origin": [-6.3, 13.5, -19.05], "size": [0, 4, 5], "inflate": 0.005, "uv": [0, 81]}
					]
				},
				{
					"name": "pupil_right",
					"parent": "eye_right",
					"pivot": [-5.8, 15.75, -17.05],
					"cubes": [
						{"origin": [-6.3, 14.75, -18.05], "size": [1, 2, 2], "inflate": 0.01, "uv": [75, 0]},
						{"origin": [-6.3, 15.25, -17.55], "size": [1, 1, 1], "inflate": 0.015, "uv": [68, 78]}
					]
				},
				{
					"name": "eyelid_right",
					"parent": "eye_right",
					"pivot": [-5.2, 13.5, -18.05],
					"cubes": [
						{"origin": [-6.2, 13.5, -19.05], "size": [0, 4, 5], "inflate": 0.02, "uv": [68, 34]}
					]
				},
				{
					"name": "eyelid_happy_right",
					"parent": "eye_right",
					"pivot": [-5.4, 13.5, -18.05],
					"cubes": [
						{"origin": [-6.2, 13.5, -19.05], "size": [0, 4, 5], "inflate": 0.02, "uv": [0, 66]}
					]
				},
				{
					"name": "eyelid_recoil_right",
					"parent": "eye_right",
					"pivot": [-5.4, 13.5, -18.05],
					"cubes": [
						{"origin": [-6.2, 13.5, -19.05], "size": [0, 4, 5], "inflate": 0.02, "uv": [0, 62]}
					]
				},
				{
					"name": "eye_red_right",
					"parent": "eye_right",
					"pivot": [-5.3, 13.5, -18.05],
					"cubes": [
						{"origin": [-6.2, 13.5, -19.05], "size": [0, 4, 5], "inflate": 0.01, "uv": [0, 31], "mirror": true}
					]
				},
				{
					"name": "pupil_blue_right",
					"parent": "eye_red_right",
					"pivot": [-5.2, 14.75, -17.05],
					"cubes": [
						{"origin": [-6.2, 14.75, -18.05], "size": [1, 2, 2], "inflate": 0.015, "uv": [51, 61], "mirror": true},
						{"origin": [-6.2, 15.25, -17.55], "size": [1, 1, 1], "inflate": 0.02, "uv": [10, 86], "mirror": true}
					]
				},
				{
					"name": "eyebrow_right",
					"parent": "eye_right",
					"pivot": [-6.3, 17, -16.55],
					"cubes": [
						{"origin": [-6.55, 16, -19.05], "size": [1, 2, 5], "inflate": 0.05, "uv": [68, 32]}
					]
				},
				{
					"name": "ears",
					"parent": "head",
					"pivot": [0, 20, -8.75]
				},
				{
					"name": "ear_left",
					"parent": "ears",
					"pivot": [6, 20, -11.75],
					"rotation": [20, -40, 12.5],
					"cubes": [
						{"origin": [6, 19.5, -11.75], "size": [5, 5, 0], "uv": [34, 109]}
					]
				},
				{
					"name": "ear_right",
					"parent": "ears",
					"pivot": [-6, 20, -11.75],
					"rotation": [20, 40, -12.5],
					"cubes": [
						{"origin": [-11, 19.5, -11.75], "size": [5, 5, 0], "uv": [0, 109]}
					]
				},
				{
					"name": "head_rotation",
					"parent": "head",
					"pivot": [0, 16, -11],
					"rotation": [0, 45, 0],
					"cubes": [
						{"origin": [-8.5, 12, -19.5], "size": [17, 8, 17], "uv": [0, 61]},
						{"origin": [-3.5, 21, -22.5], "size": [15, 0, 15], "pivot": [4, 21, -15], "rotation": [5.29575, -0.24509, 5.29575], "uv": [177, 0]},
						{"origin": [8.4, 11, -9.9], "size": [0, 2, 2], "pivot": [8.4, 12, -8.9], "rotation": [45, 0, 0], "uv": [75, 2]},
						{"origin": [-3.1, 11, -19.4], "size": [2, 2, 0], "pivot": [-2.1, 12, -19.4], "rotation": [0, 0, 45], "uv": [80, 37]},
						{"origin": [-8.5, 11, -19.5], "size": [17, 1, 0], "uv": [148, 51]},
						{"origin": [8.5, 11, -19.5], "size": [0, 1, 17], "uv": [74, 128]}
					]
				},
				{
					"name": "jaw",
					"parent": "head",
					"pivot": [0, 12, -9],
					"cubes": [
						{"origin": [-11, 9, -12], "size": [22, 3, 3], "inflate": 0.01, "uv": [130, 100]}
					]
				},
				{
					"name": "jaw_rotation",
					"parent": "jaw",
					"pivot": [0, 12, -10.65],
					"rotation": [0, 45, 0],
					"cubes": [
						{"origin": [-6.55, 9, -19.1], "size": [15, 3, 15], "uv": [75, 17]},
						{"origin": [3, 11.5, -18.4], "size": [1, 1, 0], "pivot": [3.5, 12, -18.4], "rotation": [0, 0, -45], "uv": [4, 0]},
						{"origin": [1.5, 11.5, -18.4], "size": [1, 1, 0], "pivot": [2, 12, -18.4], "rotation": [0, 0, -45], "uv": [0, 0]},
						{"origin": [7.75, 11.5, -14.65], "size": [0, 1, 1], "pivot": [7.75, 12, -14.15], "rotation": [-47.5, 0, 0], "uv": [4, 0]},
						{"origin": [7.75, 11.5, -13.15], "size": [0, 1, 1], "pivot": [7.75, 12, -12.65], "rotation": [-45, 0, 0], "uv": [0, 0]}
					]
				},
				{
					"name": "locator_seat_1",
					"parent": "torso2",
					"pivot": [0, 21, -4],
					"locators": {
						"seat_1": [0, 21, -4]
					}
				},
				{
					"name": "foliage",
					"parent": "torso",
					"pivot": [0, 20.5, 3]
				},
				{
					"name": "vines",
					"parent": "foliage",
					"pivot": [0, 20.5, 3]
				},
				{
					"name": "vine_right",
					"parent": "vines",
					"pivot": [-3.5, 21.5, -0.5],
					"rotation": [0, -45, 0],
					"cubes": [
						{"origin": [-7.5, 21, -0.5], "size": [4, 1, 0], "uv": [48, 107]}
					]
				},
				{
					"name": "vine_right2",
					"parent": "vine_right",
					"pivot": [-7.5, 21.5, -0.5],
					"cubes": [
						{"origin": [-11.5, 21, -0.5], "size": [4, 1, 0], "uv": [98, 106]}
					]
				},
				{
					"name": "vine_right3",
					"parent": "vine_right2",
					"pivot": [-11.5, 21.5, -0.5],
					"cubes": [
						{"origin": [-15.5, 21, -0.5], "size": [4, 1, 0], "uv": [90, 106]}
					]
				},
				{
					"name": "vine_right4",
					"parent": "vine_right3",
					"pivot": [-15.5, 21.5, -0.5],
					"cubes": [
						{"origin": [-19.5, 21, -0.5], "size": [4, 1, 0], "uv": [82, 106]}
					]
				},
				{
					"name": "vine_right5",
					"parent": "vine_right4",
					"pivot": [-19.5, 21.5, -0.5],
					"cubes": [
						{"origin": [-23.5, 21, -0.5], "size": [4, 1, 0], "uv": [48, 106]}
					]
				},
				{
					"name": "vine_right6",
					"parent": "vine_right5",
					"pivot": [-23.5, 21.5, -0.5],
					"cubes": [
						{"origin": [-27.5, 21, -0.5], "size": [4, 1, 0], "uv": [106, 16]}
					]
				},
				{
					"name": "vine_right7",
					"parent": "vine_right6",
					"pivot": [-27.5, 21.5, -0.5],
					"cubes": [
						{"origin": [-31.5, 21, -0.5], "size": [4, 1, 0], "uv": [48, 105]}
					]
				},
				{
					"name": "vine_right8",
					"parent": "vine_right7",
					"pivot": [-31.5, 21.5, -0.5],
					"cubes": [
						{"origin": [-35.5, 21, -0.5], "size": [4, 1, 0], "uv": [0, 99]}
					]
				},
				{
					"name": "vine_right9",
					"parent": "vine_right8",
					"pivot": [-35.5, 21.5, -0.5],
					"cubes": [
						{"origin": [-39.5, 21, -0.5], "size": [4, 1, 0], "uv": [98, 16]}
					]
				},
				{
					"name": "vine_right10",
					"parent": "vine_right9",
					"pivot": [-39.5, 21.5, -0.5],
					"cubes": [
						{"origin": [-43.5, 21, -0.5], "size": [4, 1, 0], "uv": [0, 98]}
					]
				},
				{
					"name": "vine_right11",
					"parent": "vine_right10",
					"pivot": [-43.5, 21.5, -0.5],
					"cubes": [
						{"origin": [-47.5, 21, -0.5], "size": [4, 1, 0], "uv": [60, 93]}
					]
				},
				{
					"name": "vine_right12",
					"parent": "vine_right11",
					"pivot": [-47.5, 21.5, -0.5],
					"cubes": [
						{"origin": [-51.5, 21, -0.5], "size": [4, 1, 0], "uv": [60, 92]}
					]
				},
				{
					"name": "vine_right_end",
					"parent": "vine_right12",
					"pivot": [-51.5, 21.5, -0.5],
					"cubes": [
						{"origin": [-54.5, 20.5, -0.5], "size": [3, 2, 0], "uv": [51, 65]}
					]
				},
				{
					"name": "vine_left",
					"parent": "vines",
					"pivot": [3.5, 21.5, -0.5],
					"rotation": [0, 45, 0],
					"cubes": [
						{"origin": [3.5, 21, -0.5], "size": [4, 1, 0], "uv": [60, 91]}
					]
				},
				{
					"name": "vine_left2",
					"parent": "vine_left",
					"pivot": [7.5, 21.5, -0.5],
					"cubes": [
						{"origin": [7.5, 21, -0.5], "size": [4, 1, 0], "uv": [60, 90]}
					]
				},
				{
					"name": "vine_left3",
					"parent": "vine_left2",
					"pivot": [11.5, 21.5, -0.5],
					"cubes": [
						{"origin": [11.5, 21, -0.5], "size": [4, 1, 0], "uv": [90, 16]}
					]
				},
				{
					"name": "vine_left4",
					"parent": "vine_left3",
					"pivot": [15.5, 21.5, -0.5],
					"cubes": [
						{"origin": [15.5, 21, -0.5], "size": [4, 1, 0], "uv": [59, 77]}
					]
				},
				{
					"name": "vine_left5",
					"parent": "vine_left4",
					"pivot": [19.5, 21.5, -0.5],
					"cubes": [
						{"origin": [19.5, 21, -0.5], "size": [4, 1, 0], "uv": [51, 77]}
					]
				},
				{
					"name": "vine_left6",
					"parent": "vine_left5",
					"pivot": [23.5, 21.5, -0.5],
					"cubes": [
						{"origin": [23.5, 21, -0.5], "size": [4, 1, 0], "uv": [8, 77]}
					]
				},
				{
					"name": "vine_left7",
					"parent": "vine_left6",
					"pivot": [27.5, 21.5, -0.5],
					"cubes": [
						{"origin": [27.5, 21, -0.5], "size": [4, 1, 0], "uv": [0, 77]}
					]
				},
				{
					"name": "vine_left8",
					"parent": "vine_left7",
					"pivot": [31.5, 21.5, -0.5],
					"cubes": [
						{"origin": [31.5, 21, -0.5], "size": [4, 1, 0], "uv": [59, 76]}
					]
				},
				{
					"name": "vine_left9",
					"parent": "vine_left8",
					"pivot": [35.5, 21.5, -0.5],
					"cubes": [
						{"origin": [35.5, 21, -0.5], "size": [4, 1, 0], "uv": [51, 76]}
					]
				},
				{
					"name": "vine_left10",
					"parent": "vine_left9",
					"pivot": [39.5, 21.5, -0.5],
					"cubes": [
						{"origin": [39.5, 21, -0.5], "size": [4, 1, 0], "uv": [75, 36]}
					]
				},
				{
					"name": "vine_left11",
					"parent": "vine_left10",
					"pivot": [43.5, 21.5, -0.5],
					"cubes": [
						{"origin": [43.5, 21, -0.5], "size": [4, 1, 0], "uv": [75, 35]}
					]
				},
				{
					"name": "vine_left12",
					"parent": "vine_left11",
					"pivot": [47.5, 21.5, -0.5],
					"cubes": [
						{"origin": [47.5, 21, -0.5], "size": [4, 1, 0], "uv": [75, 14]}
					]
				},
				{
					"name": "vine_left_end",
					"parent": "vine_left12",
					"pivot": [51.5, 21.5, -0.5],
					"cubes": [
						{"origin": [51.5, 20.5, -0.5], "size": [3, 2, 0], "uv": [0, 4]}
					]
				},
				{
					"name": "leaves",
					"parent": "foliage",
					"pivot": [0, 22.5, 3],
					"rotation": [0, 45, 0]
				},
				{
					"name": "leaf_front",
					"parent": "leaves",
					"pivot": [0, 23.25, -0.5],
					"cubes": [
						{"origin": [-7.5, 23.25, -8.5], "size": [15, 0, 8], "uv": [128, 68]}
					]
				},
				{
					"name": "leaf_front2",
					"parent": "leaf_front",
					"pivot": [0, 23.25, -8.5],
					"cubes": [
						{"origin": [-8, 23.25, -15.5], "size": [16, 0, 7], "uv": [137, 83]},
						{"origin": [-0.5, 23.25, -15.5], "size": [1, 0, 7], "inflate": 0.01, "uv": [2, 0]}
					]
				},
				{
					"name": "leaf_front3",
					"parent": "leaf_front2",
					"pivot": [0, 23.25, -15.5],
					"cubes": [
						{"origin": [-8, 23.25, -22.5], "size": [16, 0, 7], "uv": [129, 76]},
						{"origin": [-0.5, 23.25, -22.5], "size": [1, 0, 7], "inflate": 0.01, "uv": [0, 0]}
					]
				},
				{
					"name": "leaf_front4",
					"parent": "leaf_front3",
					"pivot": [0, 23.25, -22.5],
					"cubes": [
						{"origin": [-7.5, 23.25, -25.5], "size": [15, 0, 3], "uv": [126, 0]}
					]
				},
				{
					"name": "leaf_front5",
					"parent": "leaf_front4",
					"pivot": [0, 23.25, -25.5],
					"cubes": [
						{"origin": [-7.5, 23.25, -28.5], "size": [15, 0, 3], "uv": [87, 13]}
					]
				},
				{
					"name": "leaf_back",
					"parent": "leaves",
					"pivot": [0, 23.25, 6.5],
					"cubes": [
						{"origin": [-7.5, 23.25, 6.5], "size": [15, 0, 8], "uv": [72, 53]}
					]
				},
				{
					"name": "leaf_back2",
					"parent": "leaf_back",
					"pivot": [0, 23.25, 14.5],
					"cubes": [
						{"origin": [-8, 23.25, 14.5], "size": [16, 0, 6], "uv": [141, 32]},
						{"origin": [-0.5, 23.25, 14.5], "size": [1, 0, 6], "inflate": 0.01, "uv": [5, 0]}
					]
				},
				{
					"name": "leaf_back3",
					"parent": "leaf_back2",
					"pivot": [0, 23.25, 20.5],
					"cubes": [
						{"origin": [-8, 23.25, 20.5], "size": [16, 0, 6], "uv": [139, 62]},
						{"origin": [-0.5, 23.25, 20.5], "size": [1, 0, 6], "inflate": 0.01, "uv": [7, 0]}
					]
				},
				{
					"name": "leaf_back4",
					"parent": "leaf_back3",
					"pivot": [0, 23.25, 26.5],
					"cubes": [
						{"origin": [-7.5, 23.25, 26.5], "size": [15, 0, 6], "uv": [144, 124]}
					]
				},
				{
					"name": "leaf_right",
					"parent": "leaves",
					"pivot": [-3.5, 23.25, 3],
					"cubes": [
						{"origin": [-10.5, 23.25, -4.5], "size": [7, 0, 15], "uv": [116, 53]}
					]
				},
				{
					"name": "leaf_right2",
					"parent": "leaf_right",
					"pivot": [-10.5, 23.25, 3],
					"cubes": [
						{"origin": [-16.5, 23.25, -5], "size": [6, 0, 16], "uv": [108, 69]},
						{"origin": [-16.5, 23.25, 2.5], "size": [6, 0, 1], "inflate": 0.01, "uv": [0, 14]}
					]
				},
				{
					"name": "leaf_right3",
					"parent": "leaf_right2",
					"pivot": [-16.5, 23.25, 3],
					"cubes": [
						{"origin": [-22.5, 23.25, -5], "size": [6, 0, 16], "uv": [104, 13]},
						{"origin": [-22.5, 23.25, 2.5], "size": [6, 0, 1], "inflate": 0.01, "uv": [0, 13]}
					]
				},
				{
					"name": "leaf_right4",
					"parent": "leaf_right3",
					"pivot": [-22.5, 23.25, 3],
					"cubes": [
						{"origin": [-28.5, 23.25, -4.5], "size": [6, 0, 15], "uv": [121, 38]}
					]
				},
				{
					"name": "leaf_left",
					"parent": "leaves",
					"pivot": [3.5, 23.25, 3],
					"cubes": [
						{"origin": [3.5, 23.25, -4.5], "size": [7, 0, 15], "uv": [115, 85]}
					]
				},
				{
					"name": "leaf_left2",
					"parent": "leaf_left",
					"pivot": [10.5, 23.25, 3],
					"cubes": [
						{"origin": [10.5, 23.25, -5], "size": [6, 0, 16], "uv": [103, 53]},
						{"origin": [10.5, 23.25, 2.5], "size": [6, 0, 1], "inflate": 0.01, "uv": [67, 43]}
					]
				},
				{
					"name": "leaf_left3",
					"parent": "leaf_left2",
					"pivot": [16.5, 23.25, 3],
					"cubes": [
						{"origin": [16.5, 23.25, -5], "size": [6, 0, 16], "uv": [32, 86]},
						{"origin": [16.5, 23.25, 2.5], "size": [6, 0, 1], "inflate": 0.01, "uv": [74, 13]}
					]
				},
				{
					"name": "leaf_left4",
					"parent": "leaf_left3",
					"pivot": [22.5, 23.25, 3],
					"cubes": [
						{"origin": [22.5, 23.25, -4.5], "size": [6, 0, 15], "uv": [120, 23]}
					]
				},
				{
					"name": "tree",
					"parent": "foliage",
					"pivot": [0, 21, 3],
					"cubes": [
						{"origin": [-3.5, 19.5, -0.5], "size": [7, 4, 7], "uv": [146, 166]}
					]
				},
				{
					"name": "tree2",
					"parent": "tree",
					"pivot": [0, 27, 3],
					"cubes": [
						{"origin": [-4.5, 23, -1.5], "size": [9, 9, 9], "uv": [38, 133]},
						{"origin": [-4.5, 32, -1.5], "size": [9, 4, 9], "uv": [38, 133]}
					]
				},
				{
					"name": "tree3",
					"parent": "tree2",
					"pivot": [0, 36, 3],
					"cubes": [
						{"origin": [-3.5, 35.5, -0.5], "size": [7, 4, 7], "inflate": 0.01, "uv": [27, 164]}
					]
				},
				{
					"name": "flower",
					"parent": "tree3",
					"pivot": [0, 39.5, 3]
				},
				{
					"name": "flower_top",
					"parent": "flower",
					"pivot": [0, 39.51, 3],
					"cubes": [
						{"origin": [-3.5, 39.51, -0.5], "size": [7, 0, 7], "inflate": 0.02, "uv": [27, 86]}
					]
				},
				{
					"name": "tree_crown",
					"parent": "flower_top",
					"pivot": [0, 39.5, 3],
					"cubes": [
						{"origin": [3.5, 39, -0.5], "size": [0, 3, 7], "uv": [0, 3]},
						{"origin": [-3.5, 39, -0.5], "size": [0, 3, 7], "uv": [0, 0]},
						{"origin": [-3.5, 39, -0.5], "size": [7, 3, 0], "uv": [48, 102]},
						{"origin": [-3.5, 39, 6.5], "size": [7, 3, 0], "uv": [34, 97]}
					]
				},
				{
					"name": "egg",
					"parent": "tree_crown",
					"pivot": [0, 39.5, 3],
					"cubes": [
						{"origin": [-2.5, 39.5, 0.5], "size": [5, 4, 5], "uv": [0, 170]},
						{"origin": [-2, 43.5, 1], "size": [4, 2, 4], "uv": [0, 61]}
					]
				},
				{
					"name": "pedals_left",
					"parent": "flower",
					"pivot": [0, 39.5, 3]
				},
				{
					"name": "pedal_left_front",
					"parent": "pedals_left",
					"pivot": [0, 39.5, 3],
					"rotation": [0, -30, 0],
					"cubes": [
						{"origin": [-4, 39.5, -4], "size": [8, 0, 7], "inflate": 0.01, "uv": [163, 90]}
					]
				},
				{
					"name": "pedal_left_front2",
					"parent": "pedal_left_front",
					"pivot": [0, 39.5, -4],
					"cubes": [
						{"origin": [-5, 39.5, -11], "size": [10, 0, 7], "inflate": 0.01, "uv": [163, 12]}
					]
				},
				{
					"name": "pedal_left_front3",
					"parent": "pedal_left_front2",
					"pivot": [0.5, 39.5, -11],
					"cubes": [
						{"origin": [-6.5, 39.5, -20], "size": [13, 0, 9], "uv": [138, 23]}
					]
				},
				{
					"name": "pedal_left_front4",
					"parent": "pedal_left_front3",
					"pivot": [0.5, 39.5, -20],
					"cubes": [
						{"origin": [-6.5, 39.5, -23], "size": [13, 0, 3], "uv": [167, 106]}
					]
				},
				{
					"name": "pedal_left_mid",
					"parent": "pedals_left",
					"pivot": [0, 39.5, 3],
					"rotation": [0, -90, 0],
					"cubes": [
						{"origin": [-4, 39.5, -4], "size": [8, 0, 7], "inflate": 0.02, "uv": [106, 160]}
					]
				},
				{
					"name": "pedal_left_mid2",
					"parent": "pedal_left_mid",
					"pivot": [0, 39.5, -4],
					"cubes": [
						{"origin": [-5, 39.5, -11], "size": [10, 0, 7], "inflate": 0.02, "uv": [161, 75]}
					]
				},
				{
					"name": "pedal_left_mid3",
					"parent": "pedal_left_mid2",
					"pivot": [0, 39.5, -11],
					"cubes": [
						{"origin": [-6.5, 39.5, -20], "size": [13, 0, 9], "uv": [137, 115]}
					]
				},
				{
					"name": "pedal_left_mid4",
					"parent": "pedal_left_mid3",
					"pivot": [0, 39.5, -20],
					"cubes": [
						{"origin": [-6.5, 39.5, -23], "size": [13, 0, 3], "uv": [167, 97]}
					]
				},
				{
					"name": "pedal_left_back",
					"parent": "pedals_left",
					"pivot": [0, 39.5, 3],
					"rotation": [0, 30, 0],
					"cubes": [
						{"origin": [-4, 39.5, 3], "size": [8, 0, 7], "uv": [83, 146]}
					]
				},
				{
					"name": "pedal_left_back2",
					"parent": "pedal_left_back",
					"pivot": [0, 39.5, 10],
					"cubes": [
						{"origin": [-5, 39.5, 10], "size": [10, 0, 7], "uv": [71, 161]}
					]
				},
				{
					"name": "pedal_left_back3",
					"parent": "pedal_left_back2",
					"pivot": [0, 39.5, 17],
					"cubes": [
						{"origin": [-6.5, 39.5, 17], "size": [13, 0, 9], "uv": [136, 53]}
					]
				},
				{
					"name": "pedal_left_back4",
					"parent": "pedal_left_back3",
					"pivot": [0, 39.5, 26],
					"cubes": [
						{"origin": [-6.5, 39.5, 26], "size": [13, 0, 3], "uv": [167, 19]}
					]
				},
				{
					"name": "pedals_right",
					"parent": "flower",
					"pivot": [0, 39.5, 3]
				},
				{
					"name": "pedal_right_front",
					"parent": "pedals_right",
					"pivot": [0, 39.5, 3],
					"rotation": [0, 30, 0],
					"cubes": [
						{"origin": [-4, 39.5, -4], "size": [8, 0, 7], "uv": [117, 145]}
					]
				},
				{
					"name": "pedal_right_front2",
					"parent": "pedal_right_front",
					"pivot": [0, 39.5, -4],
					"cubes": [
						{"origin": [-5, 39.5, -11], "size": [10, 0, 7], "uv": [159, 68]}
					]
				},
				{
					"name": "pedal_right_front3",
					"parent": "pedal_right_front2",
					"pivot": [-0.5, 39.5, -11],
					"cubes": [
						{"origin": [-6.5, 39.5, -20], "size": [13, 0, 9], "uv": [135, 106]}
					]
				},
				{
					"name": "pedal_right_front4",
					"parent": "pedal_right_front3",
					"pivot": [-0.5, 39.5, -20],
					"cubes": [
						{"origin": [-6.5, 39.5, -23], "size": [13, 0, 3], "uv": [164, 166]}
					]
				},
				{
					"name": "pedal_right_mid",
					"parent": "pedals_right",
					"pivot": [0, 39.5, 3],
					"rotation": [0, 90, 0],
					"cubes": [
						{"origin": [-4, 39.5, -4], "size": [8, 0, 7], "inflate": 0.02, "uv": [58, 133]}
					]
				},
				{
					"name": "pedal_right_mid2",
					"parent": "pedal_right_mid",
					"pivot": [0, 39.5, -4],
					"cubes": [
						{"origin": [-5, 39.5, -11], "size": [10, 0, 7], "inflate": 0.02, "uv": [153, 130]}
					]
				},
				{
					"name": "pedal_right_mid3",
					"parent": "pedal_right_mid2",
					"pivot": [0, 39.5, -11],
					"cubes": [
						{"origin": [-6.5, 39.5, -20], "size": [13, 0, 9], "uv": [135, 90]}
					]
				},
				{
					"name": "pedal_right_mid4",
					"parent": "pedal_right_mid3",
					"pivot": [0, 39.5, -20],
					"cubes": [
						{"origin": [-6.5, 39.5, -23], "size": [13, 0, 3], "uv": [0, 152]}
					]
				},
				{
					"name": "pedal_right_back",
					"parent": "pedals_right",
					"pivot": [0, 39.5, 3],
					"rotation": [0, -30, 0],
					"cubes": [
						{"origin": [-4, 39.5, 3], "size": [8, 0, 7], "inflate": 0.01, "uv": [21, 132]}
					]
				},
				{
					"name": "pedal_right_back2",
					"parent": "pedal_right_back",
					"pivot": [0, 39.5, 10],
					"cubes": [
						{"origin": [-5, 39.5, 10], "size": [10, 0, 7], "inflate": 0.01, "uv": [105, 125]}
					]
				},
				{
					"name": "pedal_right_back3",
					"parent": "pedal_right_back2",
					"pivot": [0, 39.5, 17],
					"cubes": [
						{"origin": [-6.5, 39.5, 17], "size": [13, 0, 9], "uv": [73, 94]}
					]
				},
				{
					"name": "pedal_right_back4",
					"parent": "pedal_right_back3",
					"pivot": [0, 39.5, 26],
					"cubes": [
						{"origin": [-6.5, 39.5, 26], "size": [13, 0, 3], "uv": [79, 103]}
					]
				},
				{
					"name": "vine_left13",
					"parent": "tree2",
					"pivot": [0, 38.5, 0.5],
					"rotation": [0, 45, 67.5],
					"cubes": [
						{"origin": [0, 38, 0.5], "size": [4, 1, 0], "uv": [48, 107], "mirror": true}
					]
				},
				{
					"name": "vine_left14",
					"parent": "vine_left13",
					"pivot": [4, 38.5, 0.5],
					"cubes": [
						{"origin": [4, 38, 0.5], "size": [4, 1, 0], "uv": [98, 106], "mirror": true}
					]
				},
				{
					"name": "vine_left15",
					"parent": "vine_left14",
					"pivot": [8, 38.5, 0.5],
					"rotation": [0, 0, -5],
					"cubes": [
						{"origin": [8, 38, 0.5], "size": [4, 1, 0], "uv": [90, 106], "mirror": true}
					]
				},
				{
					"name": "vine_left16",
					"parent": "vine_left15",
					"pivot": [12, 38.5, 0.5],
					"rotation": [0, 0, -15],
					"cubes": [
						{"origin": [12, 38, 0.5], "size": [4, 1, 0], "uv": [82, 106], "mirror": true}
					]
				},
				{
					"name": "vine_left17",
					"parent": "vine_left16",
					"pivot": [16, 38.5, 0.5],
					"rotation": [0, 0, -67.5],
					"cubes": [
						{"origin": [16, 38, 0.5], "size": [4, 1, 0], "uv": [48, 106], "mirror": true}
					]
				},
				{
					"name": "vine_left18",
					"parent": "vine_left17",
					"pivot": [20, 38.5, 0.5],
					"rotation": [0, 22.5, -72.5],
					"cubes": [
						{"origin": [20, 38, 0.5], "size": [4, 1, 0], "uv": [106, 16], "mirror": true}
					]
				},
				{
					"name": "leaf_left5",
					"parent": "vine_left18",
					"pivot": [24, 39, 0.5],
					"rotation": [22.5, 0, 112.5],
					"cubes": [
						{"origin": [24, 39, -7], "size": [7, 0, 15], "uv": [224, 224], "mirror": true}
					]
				},
				{
					"name": "leaf_left6",
					"parent": "leaf_left5",
					"pivot": [31, 39, 0.5],
					"cubes": [
						{"origin": [31, 39, -7.5], "size": [6, 0, 16], "uv": [216, 240], "mirror": true},
						{"origin": [31, 39, 0], "size": [6, 0, 1], "inflate": 0.01, "uv": [108, 185], "mirror": true}
					]
				},
				{
					"name": "leaf_left7",
					"parent": "leaf_left6",
					"pivot": [37, 39, 0.5],
					"cubes": [
						{"origin": [37, 39, -7.5], "size": [6, 0, 16], "uv": [212, 184], "mirror": true},
						{"origin": [37, 39, 0], "size": [6, 0, 1], "inflate": 0.01, "uv": [108, 184], "mirror": true}
					]
				},
				{
					"name": "leaf_left8",
					"parent": "leaf_left7",
					"pivot": [43, 39, 0.5],
					"cubes": [
						{"origin": [43, 39, -7], "size": [6, 0, 15], "uv": [229, 209], "mirror": true}
					]
				},
				{
					"name": "vine_left20",
					"parent": "tree2",
					"pivot": [0, 38.5, 5.5],
					"rotation": [0, -45, 67.5],
					"cubes": [
						{"origin": [0, 38, 5.5], "size": [4, 1, 0], "uv": [48, 107], "mirror": true}
					]
				},
				{
					"name": "vine_left21",
					"parent": "vine_left20",
					"pivot": [4, 38.5, 5.5],
					"cubes": [
						{"origin": [4, 38, 5.5], "size": [4, 1, 0], "uv": [98, 106], "mirror": true}
					]
				},
				{
					"name": "vine_left22",
					"parent": "vine_left21",
					"pivot": [8, 38.5, 5.5],
					"rotation": [0, 0, -5],
					"cubes": [
						{"origin": [8, 38, 5.5], "size": [4, 1, 0], "uv": [90, 106], "mirror": true}
					]
				},
				{
					"name": "vine_left23",
					"parent": "vine_left22",
					"pivot": [12, 38.5, 5.5],
					"rotation": [0, 0, -15],
					"cubes": [
						{"origin": [12, 38, 5.5], "size": [4, 1, 0], "uv": [82, 106], "mirror": true}
					]
				},
				{
					"name": "vine_left24",
					"parent": "vine_left23",
					"pivot": [16, 38.5, 5.5],
					"rotation": [0, 0, -67.5],
					"cubes": [
						{"origin": [16, 38, 5.5], "size": [4, 1, 0], "uv": [48, 106], "mirror": true}
					]
				},
				{
					"name": "vine_left25",
					"parent": "vine_left24",
					"pivot": [20, 38.5, 5.5],
					"rotation": [0, -22.5, -72.5],
					"cubes": [
						{"origin": [20, 38, 5.5], "size": [4, 1, 0], "uv": [106, 16], "mirror": true}
					]
				},
				{
					"name": "leaf_left9",
					"parent": "vine_left25",
					"pivot": [24, 39, 5.5],
					"rotation": [-22.5, 0, 112.5],
					"cubes": [
						{"origin": [24, 39, -2], "size": [7, 0, 15], "uv": [224, 224], "mirror": true}
					]
				},
				{
					"name": "leaf_left10",
					"parent": "leaf_left9",
					"pivot": [31, 39, 5.5],
					"cubes": [
						{"origin": [31, 39, -2.5], "size": [6, 0, 16], "uv": [216, 240], "mirror": true},
						{"origin": [31, 39, 5], "size": [6, 0, 1], "inflate": 0.01, "uv": [108, 185], "mirror": true}
					]
				},
				{
					"name": "leaf_left11",
					"parent": "leaf_left10",
					"pivot": [37, 39, 5.5],
					"cubes": [
						{"origin": [37, 39, -2.5], "size": [6, 0, 16], "uv": [212, 184], "mirror": true},
						{"origin": [37, 39, 5], "size": [6, 0, 1], "inflate": 0.01, "uv": [108, 184], "mirror": true}
					]
				},
				{
					"name": "leaf_left12",
					"parent": "leaf_left11",
					"pivot": [43, 39, 5.5],
					"cubes": [
						{"origin": [43, 39, -2], "size": [6, 0, 15], "uv": [229, 209], "mirror": true}
					]
				},
				{
					"name": "vine_right13",
					"parent": "tree2",
					"pivot": [0, 38.5, 0.5],
					"rotation": [0, -45, -67.5],
					"cubes": [
						{"origin": [-4, 38, 0.5], "size": [4, 1, 0], "uv": [48, 107]}
					]
				},
				{
					"name": "vine_right14",
					"parent": "vine_right13",
					"pivot": [-4, 38.5, 0.5],
					"cubes": [
						{"origin": [-8, 38, 0.5], "size": [4, 1, 0], "uv": [98, 106]}
					]
				},
				{
					"name": "vine_right15",
					"parent": "vine_right14",
					"pivot": [-8, 38.5, 0.5],
					"rotation": [0, 0, 5],
					"cubes": [
						{"origin": [-12, 38, 0.5], "size": [4, 1, 0], "uv": [90, 106]}
					]
				},
				{
					"name": "vine_right16",
					"parent": "vine_right15",
					"pivot": [-12, 38.5, 0.5],
					"rotation": [0, 0, 15],
					"cubes": [
						{"origin": [-16, 38, 0.5], "size": [4, 1, 0], "uv": [82, 106]}
					]
				},
				{
					"name": "vine_right17",
					"parent": "vine_right16",
					"pivot": [-16, 38.5, 0.5],
					"rotation": [0, 0, 67.5],
					"cubes": [
						{"origin": [-20, 38, 0.5], "size": [4, 1, 0], "uv": [48, 106]}
					]
				},
				{
					"name": "vine_right18",
					"parent": "vine_right17",
					"pivot": [-20, 38.5, 0.5],
					"rotation": [0, -22.5, 72.5],
					"cubes": [
						{"origin": [-24, 38, 0.5], "size": [4, 1, 0], "uv": [106, 16]}
					]
				},
				{
					"name": "leaf_right5",
					"parent": "vine_right18",
					"pivot": [-24, 39, 0.5],
					"rotation": [22.5, 0, -112.5],
					"cubes": [
						{"origin": [-31, 39, -7], "size": [7, 0, 15], "uv": [224, 224]}
					]
				},
				{
					"name": "leaf_right6",
					"parent": "leaf_right5",
					"pivot": [-31, 39, 0.5],
					"cubes": [
						{"origin": [-37, 39, -7.5], "size": [6, 0, 16], "uv": [216, 240]},
						{"origin": [-37, 39, 0], "size": [6, 0, 1], "inflate": 0.01, "uv": [108, 185]}
					]
				},
				{
					"name": "leaf_right7",
					"parent": "leaf_right6",
					"pivot": [-37, 39, 0.5],
					"cubes": [
						{"origin": [-43, 39, -7.5], "size": [6, 0, 16], "uv": [212, 184]},
						{"origin": [-43, 39, 0], "size": [6, 0, 1], "inflate": 0.01, "uv": [108, 184]}
					]
				},
				{
					"name": "leaf_right8",
					"parent": "leaf_right7",
					"pivot": [-43, 39, 0.5],
					"cubes": [
						{"origin": [-49, 39, -7], "size": [6, 0, 15], "uv": [229, 209]}
					]
				},
				{
					"name": "vine_right20",
					"parent": "tree2",
					"pivot": [0, 38.5, 5.5],
					"rotation": [0, 45, -67.5],
					"cubes": [
						{"origin": [-4, 38, 5.5], "size": [4, 1, 0], "uv": [48, 107]}
					]
				},
				{
					"name": "vine_right21",
					"parent": "vine_right20",
					"pivot": [-4, 38.5, 5.5],
					"cubes": [
						{"origin": [-8, 38, 5.5], "size": [4, 1, 0], "uv": [98, 106]}
					]
				},
				{
					"name": "vine_right22",
					"parent": "vine_right21",
					"pivot": [-8, 38.5, 5.5],
					"rotation": [0, 0, 5],
					"cubes": [
						{"origin": [-12, 38, 5.5], "size": [4, 1, 0], "uv": [90, 106]}
					]
				},
				{
					"name": "vine_right23",
					"parent": "vine_right22",
					"pivot": [-12, 38.5, 5.5],
					"rotation": [0, 0, 15],
					"cubes": [
						{"origin": [-16, 38, 5.5], "size": [4, 1, 0], "uv": [82, 106]}
					]
				},
				{
					"name": "vine_right24",
					"parent": "vine_right23",
					"pivot": [-16, 38.5, 5.5],
					"rotation": [0, 0, 67.5],
					"cubes": [
						{"origin": [-20, 38, 5.5], "size": [4, 1, 0], "uv": [48, 106]}
					]
				},
				{
					"name": "vine_right25",
					"parent": "vine_right24",
					"pivot": [-20, 38.5, 5.5],
					"rotation": [0, 22.5, 72.5],
					"cubes": [
						{"origin": [-24, 38, 5.5], "size": [4, 1, 0], "uv": [106, 16]}
					]
				},
				{
					"name": "leaf_right9",
					"parent": "vine_right25",
					"pivot": [-24, 39, 5.5],
					"rotation": [-22.5, 0, -112.5],
					"cubes": [
						{"origin": [-31, 39, -2], "size": [7, 0, 15], "uv": [224, 224]}
					]
				},
				{
					"name": "leaf_right10",
					"parent": "leaf_right9",
					"pivot": [-31, 39, 5.5],
					"cubes": [
						{"origin": [-37, 39, -2.5], "size": [6, 0, 16], "uv": [216, 240]},
						{"origin": [-37, 39, 5], "size": [6, 0, 1], "inflate": 0.01, "uv": [108, 185]}
					]
				},
				{
					"name": "leaf_right11",
					"parent": "leaf_right10",
					"pivot": [-37, 39, 5.5],
					"cubes": [
						{"origin": [-43, 39, -2.5], "size": [6, 0, 16], "uv": [212, 184]},
						{"origin": [-43, 39, 5], "size": [6, 0, 1], "inflate": 0.01, "uv": [108, 184]}
					]
				},
				{
					"name": "leaf_right12",
					"parent": "leaf_right11",
					"pivot": [-43, 39, 5.5],
					"cubes": [
						{"origin": [-49, 39, -2], "size": [6, 0, 15], "uv": [229, 209]}
					]
				},
				{
					"name": "front_legs",
					"parent": "waist",
					"pivot": [0, 0, 0]
				},
				{
					"name": "leg_front_left",
					"parent": "front_legs",
					"pivot": [14, 14, 0.5],
					"cubes": [
						{"origin": [10.5, 8, -4.5], "size": [9, 10, 10], "uv": [132, 3]},
						{"origin": [10.5, 8, -4.5], "size": [9, 10, 10], "inflate": 0.25, "uv": [122, 125]}
					]
				},
				{
					"name": "leg_front_left2",
					"parent": "leg_front_left",
					"pivot": [15, 8, 5.5],
					"cubes": [
						{"origin": [11.5, 2, -2.5], "size": [7, 6, 8], "uv": [56, 161]},
						{"origin": [11.5, 2, -2.5], "size": [7, 6, 8], "inflate": 0.25, "uv": [159, 152]}
					]
				},
				{
					"name": "foot_front_right2",
					"parent": "leg_front_left2",
					"pivot": [13, 2, 3],
					"cubes": [
						{"origin": [11.5, 0, -3.5], "size": [7, 3, 9], "inflate": 0.01, "uv": [121, 160]}
					]
				},
				{
					"name": "left_toes",
					"parent": "foot_front_right2",
					"pivot": [19, 0, -3.5]
				},
				{
					"name": "left_toe_out",
					"parent": "left_toes",
					"pivot": [17.5, 0, -3.5],
					"rotation": [0, -27.5, 0],
					"cubes": [
						{"origin": [17.5, 0, -5.5], "size": [0, 2, 2], "uv": [67, 74]}
					]
				},
				{
					"name": "left_toe_in",
					"parent": "left_toes",
					"pivot": [12.5, 0, -3.5],
					"rotation": [0, 27.5, 0],
					"cubes": [
						{"origin": [12.5, 0, -5.5], "size": [0, 2, 2], "uv": [0, 73]}
					]
				},
				{
					"name": "left_toe_front",
					"parent": "left_toes",
					"pivot": [15, 0, -3.5],
					"cubes": [
						{"origin": [15, 0, -5.5], "size": [0, 2, 2], "uv": [12, 71]}
					]
				},
				{
					"name": "leg_front_right",
					"parent": "front_legs",
					"pivot": [-14, 14, 0.5],
					"cubes": [
						{"origin": [-19.5, 8, -4.5], "size": [9, 10, 10], "uv": [0, 132]},
						{"origin": [-19.5, 8, -4.5], "size": [9, 10, 10], "inflate": 0.25, "uv": [84, 125]}
					]
				},
				{
					"name": "leg_front_right2",
					"parent": "leg_front_right",
					"pivot": [-15, 8, 5.5],
					"cubes": [
						{"origin": [-18.5, 2, -2.5], "size": [7, 6, 8], "uv": [91, 160]},
						{"origin": [-18.5, 2, -2.5], "size": [7, 6, 8], "inflate": 0.25, "uv": [158, 137]}
					]
				},
				{
					"name": "foot_front_right",
					"parent": "leg_front_right2",
					"pivot": [-13, 2, 3],
					"cubes": [
						{"origin": [-18.5, 0, -3.5], "size": [7, 3, 9], "inflate": 0.01, "uv": [160, 0]}
					]
				},
				{
					"name": "right_toes",
					"parent": "foot_front_right",
					"pivot": [-19, 0, -3.5]
				},
				{
					"name": "right_toe_out",
					"parent": "right_toes",
					"pivot": [-17.5, 0, -3.5],
					"rotation": [0, 27.5, 0],
					"cubes": [
						{"origin": [-17.5, 0, -5.5], "size": [0, 2, 2], "uv": [12, 69]}
					]
				},
				{
					"name": "right_toe_in",
					"parent": "right_toes",
					"pivot": [-12.5, 0, -3.5],
					"rotation": [0, -27.5, 0],
					"cubes": [
						{"origin": [-12.5, 0, -5.5], "size": [0, 2, 2], "uv": [68, 32]}
					]
				},
				{
					"name": "right_toe_front",
					"parent": "right_toes",
					"pivot": [-15, 0, -3.5],
					"cubes": [
						{"origin": [-15, 0, -5.5], "size": [0, 2, 2], "uv": [68, 30]}
					]
				},
				{
					"name": "back_legs",
					"parent": "body",
					"pivot": [0, 0, 0]
				},
				{
					"name": "leg_right",
					"parent": "back_legs",
					"pivot": [-11, 12.5, 18.5],
					"cubes": [
						{"origin": [-17, 8, 7.5], "size": [10, 9, 14], "uv": [96, 94]},
						{"origin": [-17, 8, 7.5], "size": [10, 9, 14], "inflate": 0.25, "uv": [0, 86]}
					]
				},
				{
					"name": "knee_right",
					"parent": "leg_right",
					"pivot": [-12, 8, 7.5],
					"cubes": [
						{"origin": [-16, 2, 7.5], "size": [8, 6, 9], "uv": [65, 146]},
						{"origin": [-16, 2, 7.5], "size": [8, 6, 9], "inflate": 0.25, "uv": [99, 145]}
					]
				},
				{
					"name": "foot_right",
					"parent": "knee_right",
					"pivot": [-10, 2, 13],
					"cubes": [
						{"origin": [-16, 0, 6.5], "size": [8, 3, 10], "inflate": 0.01, "uv": [148, 38]}
					]
				},
				{
					"name": "right_toes_back",
					"parent": "foot_right",
					"pivot": [-16, 0, 6.5]
				},
				{
					"name": "right_toe_out_back",
					"parent": "right_toes_back",
					"pivot": [-14.5, 0, 6.5],
					"rotation": [0, 27.5, 0],
					"cubes": [
						{"origin": [-14.5, 0, 4.5], "size": [0, 2, 2], "uv": [0, 61]}
					]
				},
				{
					"name": "right_toe_in_back",
					"parent": "right_toes_back",
					"pivot": [-9.5, 0, 6.5],
					"rotation": [0, -27.5, 0],
					"cubes": [
						{"origin": [-9.5, 0, 4.5], "size": [0, 2, 2], "uv": [12, 59]}
					]
				},
				{
					"name": "right_toe_front_back",
					"parent": "right_toes_back",
					"pivot": [-12, 0, 6.5],
					"cubes": [
						{"origin": [-12, 0, 4.5], "size": [0, 2, 2], "uv": [0, 59]}
					]
				},
				{
					"name": "leg_left",
					"parent": "back_legs",
					"pivot": [11, 12.5, 18.5],
					"cubes": [
						{"origin": [7, 8, 7.5], "size": [10, 9, 14], "uv": [0, 109]},
						{"origin": [7, 8, 7.5], "size": [10, 9, 14], "inflate": 0.25, "uv": [48, 94]}
					]
				},
				{
					"name": "knee_left",
					"parent": "leg_left",
					"pivot": [12, 8, 7.5],
					"cubes": [
						{"origin": [8, 2, 7.5], "size": [8, 6, 9], "uv": [0, 155]},
						{"origin": [8, 2, 7.5], "size": [8, 6, 9], "inflate": 0.25, "uv": [133, 145]}
					]
				},
				{
					"name": "foot_left",
					"parent": "knee_left",
					"pivot": [10, 2, 13],
					"cubes": [
						{"origin": [8, 0, 6.5], "size": [8, 3, 10], "inflate": 0.01, "uv": [28, 151]}
					]
				},
				{
					"name": "left_toes_back",
					"parent": "foot_left",
					"pivot": [16, 0, 6.5]
				},
				{
					"name": "left_toe_out_back",
					"parent": "left_toes_back",
					"pivot": [14.5, 0, 6.5],
					"rotation": [0, -27.5, 0],
					"cubes": [
						{"origin": [14.5, 0, 4.5], "size": [0, 2, 2], "uv": [12, 67]}
					]
				},
				{
					"name": "left_toe_in_back",
					"parent": "left_toes_back",
					"pivot": [9.5, 0, 6.5],
					"rotation": [0, 27.5, 0],
					"cubes": [
						{"origin": [9.5, 0, 4.5], "size": [0, 2, 2], "uv": [10, 65]}
					]
				},
				{
					"name": "left_toe_front_back",
					"parent": "left_toes_back",
					"pivot": [12, 0, 6.5],
					"cubes": [
						{"origin": [12, 0, 4.5], "size": [0, 2, 2], "uv": [12, 61]}
					]
				}
			]
		}
	]
}