{
  "portraitScale": 0.97,
  "portraitTranslation": [
    -0.32,
    1.57,
    0.97
  ],
  "profileScale": 0.45,
  "profileTranslation": [
    -0.05,
    1.08,
    -10
  ],
  "rootBone": "eevee_gigantamax",
  "poses": {
    "portrait": {
      "poseTypes": [
        "PORTRAIT",
        "PROFILE"
      ],
      "isBattle": false,
      "isTouchingWater": false,
      "animations": [
        "q.look('head_ai')",
        "q.bedrock('eevee_gigantamax', 'ground_idle')"
      ],
      "quirks": [
        "q.bedrock_quirk('eevee_gigantamax', 'blink')"
      ]
    },
    "battle-standing": {
      "poseTypes": [
        "STAND"
      ],
      "isBattle": true,
      "isTouchingWater": false,
      "animations": [
        "q.look('head_ai')",
        "q.bedrock('eevee_gigantamax', 'ground_idle')"
      ],
      "quirks": [
        "q.bedrock_quirk('eevee_gigantamax', 'blink')"
      ]
    },
    "standing": {
      "poseTypes": [
        "STAND",
        "NONE"
      ],
      "isBattle": false,
      "isTouchingWater": false,
      "animations": [
        "q.look('head_ai')",
        "q.bedrock('eevee_gigantamax', 'ground_idle')"
      ],
      "quirks": [
        "q.bedrock_quirk('eevee_gigantamax', 'blink')"
      ]
    }
  }
}
