{
  "species": "cobblemon:steelix",
  "order": 3,
  "variations": [
    {
      "aspects": [
        "mega",
        "crystal"
      ],
      "poser": "cobblemon:steelix_crystal",
      "model": "cobblemon:steelix_crystal_mega.geo",
      "texture": "cobblemon:textures/pokemon/0208_steelix/mega/steelix_crystal_mega.png",
      "layers": [
        {
          "name": "translucent",
          "texture": "cobblemon:textures/pokemon/0208_steelix/mega/steelix_crystal_mega_translucent.png",
          "translucent": true
        }
      ]
    },
    {
      "aspects": [
        "mega",
        "crystal",
        "shiny"
      ],
      "texture": "cobblemon:textures/pokemon/0208_steelix/mega/steelix_crystal_mega.png",
      "layers": [
        {
          "name": "translucent",
          "texture": "cobblemon:textures/pokemon/0208_steelix/mega/steelix_crystal_mega_shiny_translucent.png",
          "translucent": true
        }
      ]
    },
    {
      "aspects": [
        "mega",
        "crystal",
        "shiny",
        "shinier"
      ],
      "texture": "cobblemon:textures/pokemon/0208_steelix/mega/steelix_crystal_mega.png",
      "layers": [
        {
          "name": "translucent",
          "texture": "cobblemon:textures/pokemon/0208_steelix/mega/steelix_crystal_mega_shinier_translucent.png",
          "translucent": true
        }
      ]
    },
    {
      "aspects": [
        "mega",
        "crystal",
        "shiny",
        "shiniest"
      ],
      "texture": "cobblemon:textures/pokemon/0208_steelix/mega/steelix_crystal_mega_shiniest.png",
      "layers": [
        {
          "name": "translucent",
          "texture": "cobblemon:textures/pokemon/0208_steelix/mega/steelix_crystal_mega_shiniest_translucent.png",
          "translucent": true
        }
      ]
    }
  ]
}
