{
	"format_version": "1.12.0",
	"minecraft:geometry": [
		{
			"description": {
				"identifier": "geometry.tyranitar",
				"texture_width": 256,
				"texture_height": 256,
				"visible_bounds_width": 10,
				"visible_bounds_height": 6.5,
				"visible_bounds_offset": [0, 2.75, 0]
			},
			"bones": [
				{
					"name": "mt",
					"pivot": [0, 0, 0]
				},
				{
					"name": "body",
					"parent": "mt",
					"pivot": [0, 15, 0]
				},
				{
					"name": "torso",
					"parent": "body",
					"pivot": [0, 19.5, 0],
					"cubes": [
						{"origin": [-11.5, 10.5, -11.25], "size": [23, 15, 23], "uv": [0, 47]},
						{"origin": [3.1, 17, -11.55], "size": [1, 1, 1], "inflate": -0.2, "uv": [3, 7]},
						{"origin": [-3.9, 17, -11.55], "size": [1, 1, 1], "inflate": -0.2, "uv": [3, 7]}
					]
				},
				{
					"name": "chest",
					"parent": "torso",
					"pivot": [0, 22.5, 1],
					"cubes": [
						{"origin": [-12.5, 20.5, -12.75], "size": [25, 20, 27], "uv": [0, 0]},
						{"origin": [7, 36, -12.25], "size": [5, 4, 3], "uv": [137, 143]},
						{"origin": [-12, 36, -12.25], "size": [5, 4, 3], "uv": [137, 143], "mirror": true},
						{"origin": [-12.5, 39.5, -12.75], "size": [5, 1, 1], "uv": [113, 152], "mirror": true},
						{"origin": [-12.5, 39.5, -11.75], "size": [1, 1, 2], "uv": [120, 153], "mirror": true},
						{"origin": [-10.5, 36.5, -12.75], "size": [2, 1, 1], "uv": [114, 154], "mirror": true},
						{"origin": [-8.5, 37.5, -12.75], "size": [0, 2, 1], "uv": [122, 151], "mirror": true},
						{"origin": [-11.5, 36.5, -12.75], "size": [1, 1, 1], "uv": [119, 153], "mirror": true},
						{"origin": [-12.5, 36.5, -11.75], "size": [1, 1, 1], "pivot": [-12, 37, -11.25], "rotation": [0, -90, 0], "uv": [119, 153], "mirror": true},
						{"origin": [-12.5, 37.5, -10.75], "size": [1, 1, 1], "pivot": [-12, 38, -10.25], "rotation": [0, -90, 0], "uv": [119, 153], "mirror": true},
						{"origin": [-12.5, 38.5, -9.75], "size": [1, 1, 1], "pivot": [-12, 39, -9.25], "rotation": [0, -90, 0], "uv": [119, 153], "mirror": true},
						{"origin": [-12.5, 36.5, -12.75], "size": [1, 0, 1], "uv": [120, 154], "mirror": true},
						{"origin": [11.5, 38.5, -9.75], "size": [1, 1, 1], "pivot": [12, 39, -9.25], "rotation": [0, -90, 0], "uv": [119, 153]},
						{"origin": [11.5, 37.5, -10.75], "size": [1, 1, 1], "pivot": [12, 38, -10.25], "rotation": [0, -90, 0], "uv": [119, 153]},
						{"origin": [11.5, 36.5, -11.75], "size": [1, 1, 1], "pivot": [12, 37, -11.25], "rotation": [0, -90, 0], "uv": [119, 153]},
						{"origin": [10.5, 36.5, -12.75], "size": [1, 1, 1], "uv": [119, 153]},
						{"origin": [8.5, 37.5, -12.75], "size": [0, 2, 1], "uv": [122, 151]},
						{"origin": [8.5, 36.5, -12.75], "size": [2, 1, 1], "uv": [114, 154]},
						{"origin": [11.5, 39.5, -11.75], "size": [1, 1, 2], "uv": [120, 153]},
						{"origin": [7.5, 39.5, -12.75], "size": [5, 1, 1], "uv": [113, 152]},
						{"origin": [11.5, 36.5, -12.75], "size": [1, 0, 1], "uv": [120, 154]},
						{"origin": [7.1, 22, -13], "size": [1, 1, 1], "inflate": -0.2, "uv": [3, 7]},
						{"origin": [-7.9, 22, -13], "size": [1, 1, 1], "inflate": -0.2, "uv": [3, 7]},
						{"origin": [-8.5, 21.5, -11.75], "size": [17, 19, 1], "uv": [92, 131]},
						{"origin": [-4.5, 20.5, -12.75], "size": [9, 1, 1], "uv": [106, 152]},
						{"origin": [4.5, 21.5, -12.75], "size": [1, 1, 1], "uv": [99, 151]},
						{"origin": [-5.5, 21.5, -12.75], "size": [1, 1, 1], "uv": [99, 151]},
						{"origin": [5.5, 22.5, -12.75], "size": [1, 1, 1], "uv": [99, 151]},
						{"origin": [6.5, 33.5, -12.75], "size": [1, 1, 1], "uv": [99, 151]},
						{"origin": [-6.5, 22.5, -12.75], "size": [1, 1, 1], "uv": [99, 151]},
						{"origin": [-7.5, 33.5, -12.75], "size": [1, 1, 1], "uv": [99, 151]},
						{"origin": [6.5, 23.5, -12.75], "size": [1, 2, 1], "uv": [99, 151]},
						{"origin": [-7.5, 23.5, -12.75], "size": [1, 2, 1], "uv": [99, 151]},
						{"origin": [7.5, 25.5, -12.75], "size": [1, 2, 1], "uv": [99, 151]},
						{"origin": [8.5, 27.5, -12.75], "size": [1, 4, 1], "uv": [95, 151]},
						{"origin": [-9.5, 27.5, -12.75], "size": [1, 4, 1], "uv": [95, 151]},
						{"origin": [-8.5, 25.5, -12.75], "size": [1, 2, 1], "uv": [99, 151]},
						{"origin": [7.5, 31.5, -12.75], "size": [1, 2, 1], "uv": [99, 151]},
						{"origin": [-8.5, 31.5, -12.75], "size": [1, 2, 1], "uv": [99, 151]},
						{"origin": [5.5, 34.5, -12.75], "size": [1, 2, 1], "uv": [103, 151]},
						{"origin": [-6.5, 34.5, -12.75], "size": [1, 2, 1], "uv": [103, 151]},
						{"origin": [4.5, 36.5, -12.75], "size": [1, 1, 1], "uv": [103, 151]},
						{"origin": [3.5, 37.5, -12.75], "size": [1, 1, 1], "uv": [103, 151]},
						{"origin": [2.5, 38.5, -12.75], "size": [1, 1, 1], "uv": [103, 151]},
						{"origin": [-5.5, 36.5, -12.75], "size": [1, 1, 1], "uv": [103, 151]},
						{"origin": [-4.5, 37.5, -12.75], "size": [1, 1, 1], "uv": [103, 151]},
						{"origin": [-3.5, 38.5, -12.75], "size": [1, 1, 1], "uv": [103, 151]},
						{"origin": [-2.5, 39.5, -12.75], "size": [5, 1, 1], "uv": [84, 152]},
						{"origin": [-5.5, 34.4, -11.8], "size": [11, 6, 0], "pivot": [0, 39.4, -10.8], "rotation": [-5, 0, 0], "uv": [113, 132]},
						{"origin": [-8.5, 28.4, -11.8], "size": [17, 6, 0], "pivot": [3, 33.4, -10.8], "rotation": [-5, 0, 0], "uv": [110, 138]},
						{"origin": [-8.5, 23.4, -11.8], "size": [17, 5, 0], "pivot": [3, 28.4, -10.8], "rotation": [-5, 0, 0], "uv": [110, 144]},
						{"origin": [-5.15, 29.75, 7.5], "size": [0, 10, 15], "pivot": [-4.65, 36.25, 10.5], "rotation": [14.13778, -25.70402, 1.84534], "uv": [212, 101]},
						{"origin": [5.15, 29.75, 7.5], "size": [0, 10, 15], "pivot": [4.65, 36.25, 10.5], "rotation": [14.13778, 25.70402, -1.84534], "uv": [212, 101], "mirror": true}
					]
				},
				{
					"name": "chest_spike_left1",
					"parent": "chest",
					"pivot": [12.5, 29.5, 0.75],
					"rotation": [0, 0, -15],
					"cubes": [
						{"origin": [9.24118, 21.53407, -12.75], "size": [3, 7, 0], "inflate": 0.01, "uv": [77, 5], "mirror": true},
						{"origin": [12.24118, 21.53407, -12.75], "size": [0, 7, 27], "inflate": 0.01, "uv": [197, -27], "mirror": true},
						{"origin": [5.24118, 21.53407, 14.25], "size": [7, 8, 0], "inflate": 0.01, "uv": [77, 12], "mirror": true}
					]
				},
				{
					"name": "chest_spike_right",
					"parent": "chest",
					"pivot": [-12.5, 29.5, 0.75],
					"rotation": [0, 0, 15],
					"cubes": [
						{"origin": [-12.24118, 21.53407, -12.75], "size": [3, 7, 0], "inflate": 0.01, "uv": [83, 5]},
						{"origin": [-12.24118, 21.53407, -12.75], "size": [0, 7, 27], "inflate": 0.01, "uv": [197, -20]},
						{"origin": [-12.24118, 21.53407, 14.25], "size": [7, 8, 0], "inflate": 0.01, "uv": [113, 6]}
					]
				},
				{
					"name": "arms",
					"parent": "chest",
					"pivot": [0, 39, 0.75]
				},
				{
					"name": "arm_left",
					"parent": "arms",
					"pivot": [11.5, 39.5, 0.75],
					"cubes": [
						{"origin": [8.5, 35, -2.25], "size": [10, 4, 7], "uv": [134, 65], "mirror": true},
						{"origin": [8.5, 33, -4.75], "size": [5, 10, 11], "uv": [26, 90]}
					]
				},
				{
					"name": "arm_left2",
					"parent": "arm_left",
					"pivot": [18.5, 37.5, 4.75],
					"cubes": [
						{"origin": [21.5, 36.5, -2.75], "size": [2, 2, 2], "uv": [17, 0]},
						{"origin": [21.5, 36.5, 2.25], "size": [2, 2, 2], "uv": [17, 0]},
						{"origin": [18.5, 35.5, -3.25], "size": [8, 5, 8], "uv": [159, 38], "mirror": true},
						{"origin": [21.5, 35.5, -3.25], "size": [2, 1, 1], "uv": [18, 4]},
						{"origin": [20, 37, 3.75], "size": [2, 1, 1], "pivot": [21, 37.5, 4.75], "rotation": [0, 0, 90], "uv": [18, 4]},
						{"origin": [23, 37, 3.75], "size": [2, 1, 1], "pivot": [24, 37.5, 4.75], "rotation": [0, 0, -90], "uv": [18, 4]},
						{"origin": [21.5, 38.5, 3.75], "size": [2, 1, 1], "pivot": [22.5, 39, 4.75], "rotation": [0, 0, -180], "uv": [18, 4]},
						{"origin": [21.5, 35.5, 3.75], "size": [2, 1, 1], "uv": [18, 4]},
						{"origin": [21.5, 38.5, -3.25], "size": [2, 1, 1], "pivot": [22.5, 39, -2.25], "rotation": [0, 0, -180], "uv": [18, 4]},
						{"origin": [23, 37, -3.25], "size": [2, 1, 1], "pivot": [24, 37.5, -2.25], "rotation": [0, 0, -90], "uv": [18, 4]},
						{"origin": [20, 37, -3.25], "size": [2, 1, 1], "pivot": [21, 37.5, -2.25], "rotation": [0, 0, 90], "uv": [18, 4]}
					]
				},
				{
					"name": "hand_left",
					"parent": "arm_left2",
					"pivot": [26.5, 40, 3.75],
					"cubes": [
						{"origin": [29.5, 38, -1.75], "size": [1, 1, 1], "uv": [19, 1]},
						{"origin": [29.5, 38, 1.25], "size": [1, 1, 2], "uv": [18, 0]},
						{"origin": [26.5, 36, -2.25], "size": [5, 4, 6], "uv": [170, 68], "mirror": true},
						{"origin": [29.5, 39, 2.75], "size": [1, 1, 1], "pivot": [30, 39.5, 3.75], "rotation": [0, 0, -90], "uv": [20, 3]},
						{"origin": [30.5, 38, 2.75], "size": [1, 1, 1], "uv": [20, 3]},
						{"origin": [29.5, 37, 2.75], "size": [1, 1, 1], "pivot": [30, 37.5, 3.75], "rotation": [0, 0, 90], "uv": [20, 3]},
						{"origin": [28.5, 38, 2.75], "size": [1, 1, 1], "pivot": [29, 38.5, 3.75], "rotation": [0, 0, -180], "uv": [20, 3]},
						{"origin": [29.5, 39, -2.25], "size": [1, 1, 1], "pivot": [30, 39.5, -1.25], "rotation": [0, 0, -90], "uv": [20, 3]},
						{"origin": [30.5, 38, -2.25], "size": [1, 1, 1], "uv": [20, 3]},
						{"origin": [29.5, 37, -2.25], "size": [1, 1, 1], "pivot": [30, 37.5, -1.25], "rotation": [0, 0, 90], "uv": [20, 3]},
						{"origin": [28.5, 38, -2.25], "size": [1, 1, 1], "pivot": [29, 38.5, -1.25], "rotation": [0, 0, -180], "uv": [20, 3]}
					]
				},
				{
					"name": "finger_index_left",
					"parent": "hand_left",
					"pivot": [31.5, 37.75, -1.25],
					"rotation": [5, 0, 0],
					"cubes": [
						{"origin": [31, 37.25, -2.25], "size": [3, 2, 2], "uv": [0, 0], "mirror": true},
						{"origin": [34, 37.75, -1.75], "size": [1, 1, 1], "uv": [8, 0], "mirror": true}
					]
				},
				{
					"name": "finger_middle_left",
					"parent": "hand_left",
					"pivot": [31.5, 38.25, 0.75],
					"cubes": [
						{"origin": [31.5, 37.75, -0.25], "size": [3, 2, 2], "uv": [0, 0], "mirror": true},
						{"origin": [34.5, 38.25, 0.25], "size": [1, 1, 1], "uv": [8, 0], "mirror": true}
					]
				},
				{
					"name": "finger_ring_left",
					"parent": "hand_left",
					"pivot": [31.5, 37.75, 2.75],
					"rotation": [-7.5, 0, 0],
					"cubes": [
						{"origin": [31, 37.25, 1.75], "size": [3, 2, 2], "uv": [0, 0], "mirror": true},
						{"origin": [34, 37.75, 2.25], "size": [1, 1, 1], "uv": [8, 0], "mirror": true}
					]
				},
				{
					"name": "arm_right",
					"parent": "arms",
					"pivot": [-11.5, 39.5, 0.75],
					"cubes": [
						{"origin": [-18.5, 35, -2.25], "size": [10, 4, 7], "uv": [134, 65]},
						{"origin": [-13.5, 33, -4.75], "size": [5, 10, 11], "uv": [26, 90], "mirror": true}
					]
				},
				{
					"name": "arm_right2",
					"parent": "arm_right",
					"pivot": [-18.5, 37.5, 4.75],
					"cubes": [
						{"origin": [-26.5, 35.5, -3.25], "size": [8, 5, 8], "uv": [161, 53]},
						{"origin": [-23.5, 36.5, -2.75], "size": [2, 2, 2], "uv": [17, 0]},
						{"origin": [-23.5, 36.5, 2.25], "size": [2, 2, 2], "uv": [17, 0]},
						{"origin": [-23.5, 35.5, 3.75], "size": [2, 1, 1], "uv": [18, 4]},
						{"origin": [-25, 37, 3.75], "size": [2, 1, 1], "pivot": [-24, 37.5, 4.75], "rotation": [0, 0, 90], "uv": [18, 4]},
						{"origin": [-22, 37, 3.75], "size": [2, 1, 1], "pivot": [-21, 37.5, 4.75], "rotation": [0, 0, -90], "uv": [18, 4]},
						{"origin": [-23.5, 38.5, 3.75], "size": [2, 1, 1], "pivot": [-22.5, 39, 4.75], "rotation": [0, 0, -180], "uv": [18, 4]},
						{"origin": [-23.5, 35.5, -3.25], "size": [2, 1, 1], "uv": [18, 4]},
						{"origin": [-23.5, 38.5, -3.25], "size": [2, 1, 1], "pivot": [-22.5, 39, -2.25], "rotation": [0, 0, -180], "uv": [18, 4]},
						{"origin": [-22, 37, -3.25], "size": [2, 1, 1], "pivot": [-21, 37.5, -2.25], "rotation": [0, 0, -90], "uv": [18, 4]},
						{"origin": [-25, 37, -3.25], "size": [2, 1, 1], "pivot": [-24, 37.5, -2.25], "rotation": [0, 0, 90], "uv": [18, 4]}
					]
				},
				{
					"name": "hand_right",
					"parent": "arm_right2",
					"pivot": [-26.5, 40, 3.75],
					"cubes": [
						{"origin": [-31.5, 36, -2.25], "size": [5, 4, 6], "uv": [229, 87]},
						{"origin": [-30.5, 38, -1.75], "size": [1, 1, 1], "uv": [19, 0]},
						{"origin": [-30.5, 38, 2.25], "size": [1, 1, 1], "uv": [19, 1]},
						{"origin": [-29.5, 38, -2.25], "size": [1, 1, 1], "uv": [20, 3]},
						{"origin": [-30.5, 37, -2.25], "size": [1, 1, 1], "pivot": [-30, 37.5, -1.25], "rotation": [0, 0, 90], "uv": [20, 3]},
						{"origin": [-31.5, 38, -2.25], "size": [1, 1, 1], "pivot": [-31, 38.5, -1.25], "rotation": [0, 0, -180], "uv": [20, 3]},
						{"origin": [-30.5, 39, -2.25], "size": [1, 1, 1], "pivot": [-30, 39.5, -1.25], "rotation": [0, 0, -90], "uv": [20, 3]},
						{"origin": [-31.5, 38, 2.75], "size": [1, 1, 1], "pivot": [-31, 38.5, 3.75], "rotation": [0, 0, -180], "uv": [20, 3]},
						{"origin": [-30.5, 37, 2.75], "size": [1, 1, 1], "pivot": [-30, 37.5, 3.75], "rotation": [0, 0, 90], "uv": [20, 3]},
						{"origin": [-29.5, 38, 2.75], "size": [1, 1, 1], "uv": [20, 3]},
						{"origin": [-30.5, 39, 2.75], "size": [1, 1, 1], "pivot": [-30, 39.5, 3.75], "rotation": [0, 0, -90], "uv": [20, 3]}
					]
				},
				{
					"name": "finger_index_right",
					"parent": "hand_right",
					"pivot": [-31.5, 37.75, -1.25],
					"rotation": [5, 0, 0],
					"cubes": [
						{"origin": [-34, 37.25, -2.25], "size": [3, 2, 2], "uv": [0, 0]},
						{"origin": [-35, 37.75, -1.75], "size": [1, 1, 1], "uv": [8, 0]}
					]
				},
				{
					"name": "finger_middle_right",
					"parent": "hand_right",
					"pivot": [-31.5, 38.25, 0.75],
					"cubes": [
						{"origin": [-34.5, 37.75, -0.25], "size": [3, 2, 2], "uv": [0, 0]},
						{"origin": [-35.5, 38.25, 0.25], "size": [1, 1, 1], "uv": [8, 0]}
					]
				},
				{
					"name": "finger_ring_right",
					"parent": "hand_right",
					"pivot": [-31.5, 37.75, 2.75],
					"rotation": [-7.5, 0, 0],
					"cubes": [
						{"origin": [-34, 37.25, 1.75], "size": [3, 2, 2], "uv": [0, 0]},
						{"origin": [-35, 37.75, 2.25], "size": [1, 1, 1], "uv": [8, 0]}
					]
				},
				{
					"name": "locator_seat_1",
					"parent": "chest",
					"pivot": [0, 50, 10],
					"locators": {
						"seat_1": [0, 58, 7]
					}
				},
				{
					"name": "chest2",
					"parent": "chest",
					"pivot": [0, 40.5, 0.5],
					"cubes": [
						{"origin": [-10, 37.5, -10.75], "size": [20, 12, 23], "uv": [69, 63]},
						{"origin": [7.5, 44.5, 1.25], "size": [2, 2, 2], "pivot": [8.5, 45.5, 2.25], "rotation": [0, -90, 0], "uv": [17, 0]},
						{"origin": [8.5, 43.5, 1.75], "size": [2, 1, 1], "pivot": [9.5, 45.5, 2.25], "rotation": [0, -90, 0], "uv": [18, 4]},
						{"origin": [8.5, 43.5, 1.75], "size": [2, 1, 1], "pivot": [9.5, 45.5, 2.25], "rotation": [-90, 0, 90], "uv": [18, 4]},
						{"origin": [8.5, 43.5, 1.75], "size": [2, 1, 1], "pivot": [9.5, 45.5, 2.25], "rotation": [90, 0, -90], "uv": [18, 4]},
						{"origin": [8.5, 43.5, 1.75], "size": [2, 1, 1], "pivot": [9.5, 45.5, 2.25], "rotation": [0, 90, -180], "uv": [18, 4]},
						{"origin": [-9.5, 44.5, 1.25], "size": [2, 2, 2], "pivot": [-8.5, 45.5, 2.25], "rotation": [0, -90, 0], "uv": [17, 0], "mirror": true},
						{"origin": [-10.5, 43.5, 1.75], "size": [2, 1, 1], "pivot": [-9.5, 45.5, 2.25], "rotation": [0, 90, -180], "uv": [18, 4]},
						{"origin": [-10.5, 43.5, 1.75], "size": [2, 1, 1], "pivot": [-9.5, 45.5, 2.25], "rotation": [90, 0, -90], "uv": [18, 4]},
						{"origin": [-10.5, 43.5, 1.75], "size": [2, 1, 1], "pivot": [-9.5, 45.5, 2.25], "rotation": [-90, 0, 90], "uv": [18, 4]},
						{"origin": [-10.5, 43.5, 1.75], "size": [2, 1, 1], "pivot": [-9.5, 45.5, 2.25], "rotation": [0, -90, 0], "uv": [18, 4]},
						{"origin": [3.5, 41.5, -10.25], "size": [6, 5, 5], "uv": [134, 136]},
						{"origin": [-9.5, 41.5, -10.25], "size": [6, 5, 5], "uv": [134, 136], "mirror": true},
						{"origin": [5.15, 38.75, 4.5], "size": [0, 10, 15], "pivot": [4.65, 45.25, 7.5], "rotation": [16.91236, 25.75826, -0.64057], "uv": [212, 101], "mirror": true},
						{"origin": [-5.15, 38.75, 4.5], "size": [0, 10, 15], "pivot": [-4.65, 45.25, 7.5], "rotation": [16.91236, -25.75826, 0.64057], "uv": [212, 101]},
						{"origin": [-9, 46.5, -6.75], "size": [-1, -1, -3], "uv": [49, 164], "mirror": true},
						{"origin": [-9, 45.5, -5.75], "size": [-1, -1, -4], "uv": [57, 163], "mirror": true},
						{"origin": [-9, 44.5, -5.75], "size": [-1, -1, -4], "uv": [50, 160], "mirror": true},
						{"origin": [-9, 43.5, -5.75], "size": [-1, -1, -4], "uv": [57, 157], "mirror": true},
						{"origin": [-9, 42.5, -7.75], "size": [-1, -1, -3], "uv": [56, 150], "mirror": true},
						{"origin": [-7, 46.5, -9.75], "size": [-3, -1, -1], "uv": [47, 143], "mirror": true},
						{"origin": [-5, 45.5, -9.75], "size": [-4, -1, -1], "uv": [45, 147], "mirror": true},
						{"origin": [-4, 44.5, -9.75], "size": [-5, -1, -1], "uv": [65, 152], "mirror": true},
						{"origin": [-4, 43.5, -9.75], "size": [-5, -1, -1], "uv": [54, 152], "mirror": true},
						{"origin": [-5, 42.5, -9.75], "size": [-4, -1, -1], "uv": [54, 146], "mirror": true},
						{"origin": [9, 42.5, -9.75], "size": [-4, -1, -1], "uv": [54, 146]},
						{"origin": [9, 43.5, -9.75], "size": [-5, -1, -1], "uv": [54, 152]},
						{"origin": [9, 44.5, -9.75], "size": [-5, -1, -1], "uv": [65, 152]},
						{"origin": [9, 45.5, -9.75], "size": [-4, -1, -1], "uv": [45, 147]},
						{"origin": [10, 46.5, -9.75], "size": [-3, -1, -1], "uv": [47, 143]},
						{"origin": [10, 42.5, -7.75], "size": [-1, -1, -3], "uv": [56, 150]},
						{"origin": [10, 43.5, -5.75], "size": [-1, -1, -4], "uv": [57, 157]},
						{"origin": [10, 44.5, -5.75], "size": [-1, -1, -4], "uv": [50, 160]},
						{"origin": [10, 45.5, -5.75], "size": [-1, -1, -4], "uv": [57, 163]},
						{"origin": [10, 46.5, -6.75], "size": [-1, -1, -3], "uv": [49, 164]},
						{"origin": [-0.5, 39.825, -11.1], "size": [1, 10, 4], "inflate": -0.2, "uv": [0, 4]},
						{"origin": [-1.4, 41.5, -11], "size": [1, 1, 1], "inflate": -0.2, "uv": [3, 7]},
						{"origin": [0.5, 41.5, -11], "size": [1, 1, 1], "inflate": -0.2, "uv": [3, 7]}
					]
				},
				{
					"name": "neck",
					"parent": "chest2",
					"pivot": [0, 49.5, 0.5],
					"cubes": [
						{"origin": [-1.4, 51.6, -7.8], "size": [1, 1, 1], "inflate": -0.2, "uv": [3, 7]},
						{"origin": [0.5, 51.6, -7.8], "size": [1, 1, 1], "inflate": -0.2, "uv": [3, 7]},
						{"origin": [-0.5, 49, -7.8], "size": [1, 9, 2], "inflate": -0.2, "uv": [2, 6]},
						{"origin": [-7.5, 48, -7.5], "size": [15, 10, 16], "uv": [1, 85]},
						{"origin": [4.15, 47.75, 3], "size": [0, 8, 12], "pivot": [3.9, 53, 6], "rotation": [26.51033, 25.1619, 4.17852], "uv": [181, 97], "mirror": true},
						{"origin": [-4.15, 47.75, 3], "size": [0, 8, 13], "pivot": [-3.9, 53, 6], "rotation": [26.51029, -25.16194, -4.17854], "uv": [212, 95]}
					]
				},
				{
					"name": "bone2",
					"parent": "neck",
					"pivot": [6.9, 53.2, -0.6],
					"rotation": [0, -90, 0],
					"cubes": [
						{"origin": [6.9, 53.2, -1.5], "size": [1, 1, 1], "inflate": -0.2, "uv": [3, 7]},
						{"origin": [8.8, 53.2, -1.5], "size": [1, 1, 1], "inflate": -0.2, "uv": [3, 7]},
						{"origin": [6.9, 53.2, 13.1], "size": [1, 1, 1], "inflate": -0.2, "uv": [3, 7]},
						{"origin": [8.8, 53.2, 13.1], "size": [1, 1, 1], "inflate": -0.2, "uv": [3, 7]}
					]
				},
				{
					"name": "neck2",
					"parent": "neck",
					"pivot": [0, 58, -0.5],
					"cubes": [
						{"origin": [-6, 54, -6], "size": [12, 12, 11], "inflate": 0.02, "uv": [210, 28]},
						{"origin": [3.65, 56.5, 2], "size": [0, 8, 12], "pivot": [3.9, 52.25, 6], "rotation": [32.00048, 24.69654, 6.49412], "uv": [181, 105], "mirror": true},
						{"origin": [-3.65, 56.5, 2], "size": [0, 8, 13], "pivot": [-3.9, 52.25, 6], "rotation": [32.00048, -24.69654, -6.49412], "uv": [179, 96]}
					]
				},
				{
					"name": "head",
					"parent": "neck2",
					"pivot": [-0.5, 65.65, -5.2],
					"rotation": [17.5, 0, 0]
				},
				{
					"name": "head_rotation",
					"parent": "head",
					"pivot": [-0.5, 62.65, -6.2],
					"cubes": [
						{"origin": [-5.5, 60.45, -9.4], "size": [11, 5, 4], "inflate": 0.2, "uv": [167, 0]}
					]
				},
				{
					"name": "crest",
					"parent": "head_rotation",
					"pivot": [0, 65.35, -9.45],
					"rotation": [15, 0, 0],
					"cubes": [
						{"origin": [-4.5, 64.35, -13.95], "size": [9, 2, 9], "pivot": [0, 65.35, -9.45], "rotation": [0, -45, 0], "uv": [193, 14]}
					]
				},
				{
					"name": "side_crests",
					"parent": "crest",
					"pivot": [0, 66.35, -15.7],
					"rotation": [0, -45, 0],
					"cubes": [
						{"origin": [9.35, 64.35, -16.25], "size": [4, 2, 5], "inflate": 0.01, "pivot": [7.75, 66.35, -17.25], "rotation": [0, -20, 0], "uv": [149, 0]},
						{"origin": [13.35, 65.85, -17.325], "size": [5, 0, 4], "pivot": [4.75, 66.35, -18.325], "rotation": [0, -20, 0], "uv": [134, 38]},
						{"origin": [-24.2, 64.35, -13.6], "size": [4, 2, 5], "inflate": 0.01, "pivot": [-7.75, 66.35, -17.25], "rotation": [0, 110, 0], "uv": [149, 7], "mirror": true},
						{"origin": [-29.2, 65.85, -13.6], "size": [5, 0, 4], "pivot": [-7.75, 66.35, -17.25], "rotation": [0, 110, 0], "uv": [134, 42], "mirror": true}
					]
				},
				{
					"name": "head_spike",
					"parent": "crest",
					"pivot": [-0.5, 66.35, -8.45],
					"cubes": [
						{"origin": [-2.5, 66.35, 0.55], "size": [5, 0, 3], "inflate": 0.01, "uv": [151, 43]},
						{"origin": [-1.5, 66.35, 3.55], "size": [3, 0, 3], "inflate": 0.01, "uv": [153, 40]},
						{"origin": [-3.5, 63.35, -8.45], "size": [7, 3, 9], "inflate": 0.02, "uv": [220, 16]}
					]
				},
				{
					"name": "muzzle",
					"parent": "head_rotation",
					"pivot": [0, 59.75, -9.5],
					"rotation": [0, -45, 0],
					"cubes": [
						{"origin": [-4, 61.25, -13.5], "size": [8, 3, 8], "uv": [189, 25]},
						{"origin": [2, 60.25, -13.5], "size": [2, 1, 0], "uv": [150, 3]},
						{"origin": [-4, 60.25, -7.5], "size": [0, 1, 2], "uv": [150, 2]},
						{"origin": [-3.25, 62, -13.5], "size": [1, 1, 0], "inflate": 0.01, "uv": [136, 27]},
						{"origin": [-4, 62, -12.75], "size": [0, 1, 1], "inflate": 0.01, "uv": [136, 26]},
						{"origin": [-1.5, 60.83579, -13.16421], "size": [0, 1, 1], "pivot": [-1.25, 61.25, -12.75], "rotation": [0, 90, 90], "uv": [0, -1]},
						{"origin": [0.1, 60.83579, -13.16421], "size": [0, 1, 1], "pivot": [0.35, 61.25, -12.75], "rotation": [0, 90, 90], "uv": [0, -1]},
						{"origin": [-3, 60.83579, -11.16421], "size": [0, 1, 1], "pivot": [-3.25, 61.25, -10.75], "rotation": [-90, 0, 0], "uv": [0, -1]},
						{"origin": [-3, 60.83579, -9.56421], "size": [0, 1, 1], "pivot": [-3.25, 61.25, -9.15], "rotation": [-90, 0, 0], "uv": [0, -1]},
						{"origin": [-4.5, 61.35, -5.7], "size": [1, 2, 1], "inflate": -0.4, "pivot": [-4.5, 61.35, -4.7], "rotation": [30, 0, 0], "uv": [104, 1]},
						{"origin": [-4.5, 59.85, -6.125], "size": [1, 2, 1], "inflate": -0.4, "pivot": [-4.5, 59.85, -5.125], "rotation": [-10, 0, 0], "uv": [104, 1]}
					]
				},
				{
					"name": "bone",
					"parent": "muzzle",
					"pivot": [4.4, 61.35, -13.2],
					"rotation": [0, 90, 0],
					"cubes": [
						{"origin": [4.225, 61.35, -13.95], "size": [1, 2, 1], "inflate": -0.4, "pivot": [4.225, 61.35, -12.95], "rotation": [30, 0, 0], "uv": [104, 1]},
						{"origin": [4.225, 59.85, -14.375], "size": [1, 2, 1], "inflate": -0.4, "pivot": [4.225, 59.85, -13.375], "rotation": [-10, 0, 0], "uv": [104, 1]}
					]
				},
				{
					"name": "eyes",
					"parent": "muzzle",
					"pivot": [1, 64.25, -13.5]
				},
				{
					"name": "eye_left",
					"parent": "eyes",
					"pivot": [1, 64.25, -13.5],
					"rotation": [5, 90, 0],
					"cubes": [
						{"origin": [1.00001, 62, -16.25], "size": [0, 2, 5], "inflate": 0.01, "pivot": [2.525, 60.5, -10.5], "rotation": [-7.5, 0, 0], "uv": [127, 15], "mirror": true}
					]
				},
				{
					"name": "pupil_left",
					"parent": "eye_left",
					"pivot": [1, 63.6, -14.25],
					"cubes": [
						{"origin": [0.465, 61.81, -13.35], "size": [1, 3, 1], "inflate": -0.4, "pivot": [-0.525, 60.05, -8], "rotation": [-7.5, 0, 0], "uv": [104, 1]},
						{"origin": [0.465, 61.945, -14.35], "size": [1, 3, 1], "inflate": -0.4, "pivot": [-0.525, 60.2, -9], "rotation": [-7.5, 0, 0], "uv": [104, 1]},
						{"origin": [0.465, 61.8, -15.35], "size": [1, 3, 1], "inflate": -0.4, "pivot": [-0.525, 60.05, -10], "rotation": [-7.5, 0, 0], "uv": [104, 1]},
						{"origin": [1.01, 62.5, -15.25], "size": [0, 2, 3], "inflate": 0.02, "pivot": [2.5, 60.75, -10], "rotation": [-7.5, 0, 0], "uv": [127, 19], "mirror": true}
					]
				},
				{
					"name": "eyelid_left",
					"parent": "eye_left",
					"pivot": [0.41, 63.7, -13.25],
					"cubes": [
						{"origin": [-0.09, 62.25, -15.75], "size": [1, 2, 4], "inflate": 0.02, "pivot": [2.4, 60.75, -10], "rotation": [-7.5, 0, 0], "uv": [117, 0], "mirror": true}
					]
				},
				{
					"name": "eye_right",
					"parent": "eyes",
					"pivot": [-4.5, 64.25, -8.5],
					"rotation": [5, 0, 0],
					"cubes": [
						{"origin": [-4, 62, -11.25], "size": [0, 2, 5], "inflate": 0.01, "pivot": [-6, 60.5, -5.5], "rotation": [-7.5, 0, 0], "uv": [127, 15]}
					]
				},
				{
					"name": "pupil_right",
					"parent": "eye_right",
					"pivot": [-4, 63.6, -9.25],
					"cubes": [
						{"origin": [-4.01, 62.5, -10.25], "size": [0, 2, 3], "inflate": 0.02, "pivot": [-6, 60.75, -4.9], "rotation": [-7.5, 0, 0], "uv": [127, 19]},
						{"origin": [-4.46, 61.8, -10.45], "size": [1, 3, 1], "inflate": -0.4, "pivot": [-5.45, 60.05, -5.1], "rotation": [-7.5, 0, 0], "uv": [104, 1]},
						{"origin": [-4.46, 61.97, -9.45], "size": [1, 3, 1], "inflate": -0.4, "pivot": [-5.45, 60.225, -4.1], "rotation": [-7.5, 0, 0], "uv": [104, 1]},
						{"origin": [-4.46, 61.84, -8.45], "size": [1, 3, 1], "inflate": -0.4, "pivot": [-5.45, 60.05, -3.1], "rotation": [-7.5, 0, 0], "uv": [104, 1]}
					]
				},
				{
					"name": "eyelid_right",
					"parent": "eye_right",
					"pivot": [-3.41, 63.7, -8.25],
					"cubes": [
						{"origin": [-3.91, 62.25, -10.75], "size": [1, 2, 4], "inflate": 0.02, "pivot": [-5.4, 60.75, -5], "rotation": [-7.5, 0, 0], "uv": [135, 20]}
					]
				},
				{
					"name": "jaw",
					"parent": "head_rotation",
					"pivot": [0, 61, -9.1],
					"rotation": [-15, 0, 0],
					"cubes": [
						{"origin": [-5.5, 58, -8.95], "size": [11, 3, 4], "inflate": 0.01, "uv": [167, 21]},
						{"origin": [-3.45, 58, -13.2], "size": [8, 3, 8], "inflate": 0.02, "pivot": [0, 63.5, -9.75], "rotation": [0, -45, 0], "uv": [163, 9]},
						{"origin": [1.89289, 60.5, -13.25], "size": [0, 1, 1], "pivot": [2, 61, -12.75], "rotation": [-90, 45, 0], "uv": [0, -1]},
						{"origin": [2.89289, 60.5, -12.25], "size": [0, 1, 1], "pivot": [3, 61, -11.75], "rotation": [-90, 45, 0], "uv": [0, -1]},
						{"origin": [3.89289, 60.5, -11.25], "size": [0, 1, 1], "pivot": [4, 61, -10.75], "rotation": [-90, 45, 0], "uv": [0, -1]},
						{"origin": [-1.89289, 60.5, -13.25], "size": [0, 1, 1], "pivot": [-2, 61, -12.75], "rotation": [0, -45, 0], "uv": [0, -1]},
						{"origin": [-2.89289, 60.5, -12.25], "size": [0, 1, 1], "pivot": [-3, 61, -11.75], "rotation": [0, -45, 0], "uv": [0, -1]},
						{"origin": [-3.89289, 60.5, -11.25], "size": [0, 1, 1], "pivot": [-4, 61, -10.75], "rotation": [0, -45, 0], "uv": [0, -1]}
					]
				},
				{
					"name": "jaw_hidden",
					"parent": "jaw",
					"pivot": [0, 61, -12.6],
					"cubes": [
						{"origin": [-5.5, 58, -8.95], "size": [11, 3, 4], "uv": [207, 126]},
						{"origin": [-3.45, 58, -13.2], "size": [8, 3, 8], "inflate": 0.01, "pivot": [0, 63.5, -9.75], "rotation": [0, -45, 0], "uv": [183, 125]}
					]
				},
				{
					"name": "tail",
					"parent": "torso",
					"pivot": [0, 16, 7],
					"cubes": [
						{"origin": [-8.5, 7.5, 0], "size": [17, 16, 21], "uv": [83, 26]}
					]
				},
				{
					"name": "tail2",
					"parent": "tail",
					"pivot": [0, 15.5, 21],
					"cubes": [
						{"origin": [-6.5, 9, 17], "size": [13, 13, 13], "uv": [0, 111]}
					]
				},
				{
					"name": "tail3",
					"parent": "tail2",
					"pivot": [0, 15.5, 30],
					"rotation": [0, 0, -45],
					"cubes": [
						{"origin": [-4.5, 11, 27], "size": [9, 9, 12], "pivot": [-0.25, 15.25, 29], "rotation": [0, 0, 45], "uv": [199, 87]}
					]
				},
				{
					"name": "tail_spike_top",
					"parent": "tail3",
					"pivot": [0, 18.5, 39],
					"rotation": [50.01754, -2.34914, -0.85553],
					"cubes": [
						{"origin": [-1.375, 18.05, 39], "size": [3, 2, 5], "uv": [0, 137]},
						{"origin": [-0.875, 18.8, 43], "size": [2, 1, 3], "pivot": [0.125, 19.3, 43], "rotation": [-15, 0, 0], "uv": [0, 116]}
					]
				},
				{
					"name": "tail_spike_bottom",
					"parent": "tail3",
					"pivot": [0, 12, 39],
					"rotation": [-50.01754, -2.34914, 0.85553],
					"cubes": [
						{"origin": [-1.375, 10.45, 39], "size": [3, 2, 5], "uv": [16, 146]},
						{"origin": [-0.875, 10.7, 43], "size": [2, 1, 3], "pivot": [0.125, 11.2, 43], "rotation": [15, 0, 0], "uv": [0, 116]}
					]
				},
				{
					"name": "tail_spike_left",
					"parent": "tail3",
					"pivot": [4, 15.5, 39],
					"rotation": [0, 47.5, 0],
					"cubes": [
						{"origin": [2.95, 13.75, 38.5], "size": [2, 3, 5], "uv": [17, 137]},
						{"origin": [3.7, 14.25, 42.5], "size": [1, 2, 3], "pivot": [4.2, 15.25, 42.5], "rotation": [0, -15, 0], "uv": [0, 111]}
					]
				},
				{
					"name": "tail_spike_right",
					"parent": "tail3",
					"pivot": [-3, 15.5, 39],
					"rotation": [0, -52.5, 0],
					"cubes": [
						{"origin": [-4.65, 13.75, 39], "size": [2, 3, 5], "uv": [0, 145]},
						{"origin": [-4.4, 14.25, 43], "size": [1, 2, 3], "pivot": [-4.4, 15.75, 43], "rotation": [0, 15, 0], "uv": [0, 111]}
					]
				},
				{
					"name": "tail4",
					"parent": "tail3",
					"pivot": [0, 15.5, 39],
					"rotation": [0, 0, 45],
					"cubes": [
						{"origin": [-3, 12.5, 34], "size": [6, 6, 11], "uv": [215, 70]}
					]
				},
				{
					"name": "tail5",
					"parent": "tail4",
					"pivot": [0, 15.25, 47],
					"cubes": [
						{"origin": [-2, 13.25, 41], "size": [4, 4, 8], "uv": [39, 111]}
					]
				},
				{
					"name": "tail6",
					"parent": "tail5",
					"pivot": [0, 15.25, 51.5],
					"cubes": [
						{"origin": [-1, 14.25, 44], "size": [2, 2, 8], "uv": [39, 112]}
					]
				},
				{
					"name": "legs",
					"parent": "body",
					"pivot": [0, 17.75, 1]
				},
				{
					"name": "leg_left",
					"parent": "legs",
					"pivot": [11.5, 17.75, 1],
					"cubes": [
						{"origin": [7.5, 6.75, -6.5], "size": [12, 16, 15], "uv": [63, 98], "mirror": true},
						{"origin": [8, 5.75, -6], "size": [11, 6, 14], "uv": [77, 6], "mirror": true},
						{"origin": [9.5, 2.75, -4], "size": [8, 4, 10], "uv": [162, 95], "mirror": true},
						{"origin": [12, 12.35, -11.65], "size": [1, 6, 4], "pivot": [12, 18.35, -6.65], "rotation": [0, -90, 0], "uv": [10, 4]},
						{"origin": [11.5, 11.35, -11.65], "size": [1, 1, 3], "pivot": [11.5, 17.35, -6.65], "rotation": [0, -90, 0], "uv": [11, 10]},
						{"origin": [11.5, 18.35, -11.65], "size": [1, 1, 3], "pivot": [11.5, 24.35, -6.65], "rotation": [0, -90, 0], "uv": [10, 8]},
						{"origin": [13, 12.85, -11.65], "size": [1, 5, 1], "pivot": [13, 18.85, -6.65], "rotation": [0, -90, 0], "uv": [16, 8]},
						{"origin": [8, 12.85, -11.65], "size": [1, 5, 1], "pivot": [8, 18.85, -6.65], "rotation": [0, -90, 0], "uv": [16, 8], "mirror": true}
					]
				},
				{
					"name": "foot_left",
					"parent": "leg_left",
					"pivot": [13.5, 4.75, 1.5],
					"cubes": [
						{"origin": [9, -0.25, -4.5], "size": [9, 5, 11], "uv": [186, 57], "mirror": true}
					]
				},
				{
					"name": "foot_left2",
					"parent": "foot_left",
					"pivot": [13.5, -0.25, -4.5],
					"cubes": [
						{"origin": [9.5, -0.25, -7.5], "size": [8, 4, 3], "uv": [155, 81], "mirror": true}
					]
				},
				{
					"name": "toes_left",
					"parent": "foot_left2",
					"pivot": [13.5, 2.75, -7.5]
				},
				{
					"name": "toe_inner_left",
					"parent": "toes_left",
					"pivot": [11, 2.75, -7.5],
					"rotation": [0, 20, 0],
					"cubes": [
						{"origin": [10, -0.25, -8.5], "size": [2, 2, 2], "uv": [10, 0], "mirror": true},
						{"origin": [10.5, 1.75, -8.25], "size": [1, 1, 1], "uv": [8, 0], "mirror": true}
					]
				},
				{
					"name": "toe_middle_left",
					"parent": "toes_left",
					"pivot": [14, 2.75, -7.5],
					"cubes": [
						{"origin": [12.5, -0.25, -8.75], "size": [2, 2, 2], "uv": [10, 0], "mirror": true},
						{"origin": [13, 1.75, -8.5], "size": [1, 1, 1], "uv": [8, 0], "mirror": true}
					]
				},
				{
					"name": "toe_outer_left",
					"parent": "toes_left",
					"pivot": [17, 2.75, -7.5],
					"rotation": [0, -20, 0],
					"cubes": [
						{"origin": [15, -0.25, -8.25], "size": [2, 2, 2], "uv": [10, 0], "mirror": true},
						{"origin": [15.5, 1.75, -8], "size": [1, 1, 1], "uv": [8, 0], "mirror": true}
					]
				},
				{
					"name": "leg_right",
					"parent": "legs",
					"pivot": [-11.5, 17.75, 1],
					"cubes": [
						{"origin": [-22, 12.85, -11.65], "size": [1, 5, 1], "pivot": [-22, 18.85, -6.65], "rotation": [0, -90, 0], "uv": [16, 8]},
						{"origin": [-17, 12.85, -11.65], "size": [1, 5, 1], "pivot": [-17, 18.85, -6.65], "rotation": [0, -90, 0], "uv": [16, 8], "mirror": true},
						{"origin": [-18.5, 18.35, -11.65], "size": [1, 1, 3], "pivot": [-18.5, 24.35, -6.65], "rotation": [0, -90, 0], "uv": [10, 8], "mirror": true},
						{"origin": [-18.5, 11.35, -11.65], "size": [1, 1, 3], "pivot": [-18.5, 17.35, -6.65], "rotation": [0, -90, 0], "uv": [11, 10], "mirror": true},
						{"origin": [-15.5, 12.35, -8.15], "size": [1, 6, 4], "pivot": [-15, 15.35, -6.15], "rotation": [0, 90, 0], "uv": [10, 4], "mirror": true},
						{"origin": [-19.5, 6.75, -6.5], "size": [12, 16, 15], "uv": [123, 98]},
						{"origin": [-19, 5.75, -6], "size": [11, 6, 14], "uv": [113, 0]},
						{"origin": [-17.5, 2.75, -4], "size": [8, 4, 10], "uv": [167, 81]}
					]
				},
				{
					"name": "foot_right",
					"parent": "leg_right",
					"pivot": [-13.5, 4.75, 1.5],
					"cubes": [
						{"origin": [-18, -0.25, -4.5], "size": [9, 5, 11], "uv": [215, 52]}
					]
				},
				{
					"name": "foot_right2",
					"parent": "foot_right",
					"pivot": [-13.5, -0.25, -4.5],
					"cubes": [
						{"origin": [-17.5, -0.25, -7.5], "size": [8, 4, 3], "uv": [188, 50]}
					]
				},
				{
					"name": "toes_right",
					"parent": "foot_right2",
					"pivot": [-13.5, 2.75, -7.5]
				},
				{
					"name": "toe_inner_right",
					"parent": "toes_right",
					"pivot": [-10, 2.75, -7.5],
					"rotation": [0, -20, 0],
					"cubes": [
						{"origin": [-12, -0.25, -8.25], "size": [2, 2, 2], "uv": [10, 0]},
						{"origin": [-11.5, 1.75, -8], "size": [1, 1, 1], "uv": [8, 0]}
					]
				},
				{
					"name": "toe_middle_right",
					"parent": "toes_right",
					"pivot": [-13, 2.75, -7.5],
					"cubes": [
						{"origin": [-14.5, -0.25, -8.75], "size": [2, 2, 2], "uv": [10, 0]},
						{"origin": [-14, 1.75, -8.5], "size": [1, 1, 1], "uv": [8, 0]}
					]
				},
				{
					"name": "toe_outer_right",
					"parent": "toes_right",
					"pivot": [-16, 2.75, -7.5],
					"rotation": [0, 20, 0],
					"cubes": [
						{"origin": [-17, -0.25, -8.5], "size": [2, 2, 2], "uv": [10, 0]},
						{"origin": [-16.5, 1.75, -8.25], "size": [1, 1, 1], "uv": [8, 0]}
					]
				}
			]
		}
	]
}