{
    "type": "gachamachine:gacha_machine_2",
    "pools": [
        {
            "conditions": [],
            "entries": [
                {
                    "type": "minecraft:item",
                    "name": "gachamachine:capsule_b1",
                    "weight": 30
                },
                {
                    "type": "minecraft:item",
                    "name": "gachamachine:capsule_b2",
                    "weight": 30
                },
                {
                    "type": "minecraft:item",
                    "name": "gachamachine:capsule_b3",
                    "weight": 30
                },
                {
                    "type": "minecraft:item",
                    "name": "gachamachine:capsule_b4",
                    "weight": 27
                },
                {
                    "type": "minecraft:item",
                    "name": "gachamachine:capsule_b5",
                    "weight": 12
                }
            ],
            "bonus_rolls": 0,
            "rolls": 1
        }
    ]
}
