{
  "format_version": "1.8.0",
  "animations": {
    "animation.snorlax_snowman_gmax.ground_idle": {
      "loop": true,
      "bones": {
        "leg_right": {
          "rotation": [
            0,
            8,
            0
          ]
        },
        "arm_right": {
          "rotation": [
            "9.1076-math.sin(q.anim_time*90*1-160)*1",
            -5.40672,
            "-10+math.sin(q.anim_time*90*1-120)*2"
          ],
          "position": [
            -1.1,
            0.2,
            0
          ]
        },
        "arm_right2": {
          "rotation": [
            0,
            "-6+math.sin(q.anim_time*90*1-160)*1",
            -10
          ]
        },
        "belly": {
          "rotation": [
            "2+math.sin(q.anim_time*90*1-120)*0.5",
            0,
            0
          ],
          "scale": "1+math.sin(q.anim_time*90*1-90)*0.004"
        },
        "belly2": {
          "rotation": [
            "2-math.sin(q.anim_time*90*1-120)*1",
            0,
            0
          ],
          "position": [
            0,
            0,
            0
          ]
        },
        "leg_left": {
          "rotation": [
            0,
            -8,
            0
          ]
        },
        "arm_left": {
          "rotation": [
            "8.8653-math.sin(q.anim_time*90*1-160)*1",
            5.81201,
            "10-math.sin(q.anim_time*90*1-120)*2"
          ],
          "position": [
            1.1,
            0.2,
            0
          ]
        },
        "arm_left2": {
          "rotation": [
            0,
            "6-math.sin(q.anim_time*90*1-160)*1",
            10
          ]
        },
        "torso": {
          "rotation": [
            "-math.sin(q.anim_time*90*1-120)*0.2",
            0,
            0
          ],
          "position": [
            0,
            "math.sin(q.anim_time*90*1)*0.1",
            0
          ]
        },
        "head": {
          "rotation": [
            "4-math.sin(q.anim_time*90*1-120)*1",
            0,
            0
          ],
          "position": [
            0,
            -0.3,
            0
          ]
        },
        "foot_right": {
          "position": [
            -0.8,
            0,
            0
          ]
        },
        "foot_left": {
          "position": [
            0.8,
            0,
            0
          ]
        },
        "finger_pinky_right": {
          "rotation": [
            0,
            0,
            -13
          ]
        },
        "finger_ring_right": {
          "rotation": [
            0,
            0,
            -13
          ]
        },
        "finger_middle_right": {
          "rotation": [
            0,
            0,
            -13
          ]
        },
        "finger_index_right": {
          "rotation": [
            0,
            0,
            -13
          ]
        },
        "finger_thumb_right": {
          "rotation": [
            0,
            10,
            0
          ]
        },
        "finger_pinky_left": {
          "rotation": [
            0,
            0,
            13
          ]
        },
        "finger_ring_left": {
          "rotation": [
            0,
            0,
            13
          ]
        },
        "finger_middle_left": {
          "rotation": [
            0,
            0,
            13
          ]
        },
        "finger_index_left": {
          "rotation": [
            0,
            0,
            13
          ]
        },
        "finger_thumb_left": {
          "rotation": [
            0,
            -10,
            0
          ]
        },
        "eye_happy_right": {
          "rotation": [
            0,
            0,
            0
          ],
          "position": [
            0,
            0,
            0
          ]
        },
        "eye_happy_left": {
          "rotation": [
            0,
            0,
            0
          ],
          "position": [
            0,
            0,
            0
          ]
        },
        "coolhat": {
          "scale": 0
        },
        "swirlies": {
          "rotation": [
            0,
            "math.sin(query.anim_time*90*0.0001)*90000",
            0
          ]
        },
        "bone": {
          "position": [
            3,
            0,
            0.5
          ],
          "scale": 0.5
        },
        "bone2": {
          "position": [
            4,
            -1,
            0.5
          ],
          "scale": 0.5
        },
        "bone3": {
          "position": [
            3,
            -2,
            0.5
          ],
          "scale": 0.5
        },
        "bone4": {
          "position": [
            4,
            -1,
            0.5
          ],
          "scale": 0.5
        }
      }
    },
    "animation.snorlax_snowman_gmax.cry": {
      "animation_length": 2.9167,
      "bones": {
        "torso": {
          "rotation": {
            "0.0": [
              0,
              0,
              0
            ],
            "0.3333": {
              "pre": [
                2,
                0,
                0
              ],
              "post": [
                2,
                0,
                0
              ],
              "lerp_mode": "catmullrom"
            },
            "1.0": {
              "post": [
                -1,
                0,
                0
              ],
              "lerp_mode": "catmullrom"
            },
            "1.4583": {
              "post": [
                -1,
                0,
                0
              ],
              "lerp_mode": "catmullrom"
            },
            "2.1667": {
              "post": [
                0,
                0,
                0
              ],
              "lerp_mode": "catmullrom"
            },
            "2.75": [
              0,
              0,
              0
            ]
          }
        },
        "belly": {
          "rotation": {
            "0.0": [
              0,
              0,
              0
            ],
            "0.25": {
              "pre": [
                1,
                0,
                0
              ],
              "post": [
                1,
                0,
                0
              ],
              "lerp_mode": "catmullrom"
            },
            "1.1667": {
              "post": [
                -1,
                0,
                0
              ],
              "lerp_mode": "catmullrom"
            },
            "2.375": [
              0,
              0,
              0
            ]
          },
          "scale": {
            "0.0": [
              1,
              1,
              1
            ],
            "0.2083": [
              1.012,
              1.012,
              1.012
            ],
            "0.9167": [
              1,
              1,
              1
            ],
            "1.0": [
              "1+math.sin(q.anim_time*90*30)*0.006",
              "1+math.sin(q.anim_time*90*30)*0.006",
              "1+math.sin(q.anim_time*90*30)*0.006"
            ],
            "1.4167": [
              1,
              1,
              1
            ]
          }
        },
        "belly2": {
          "rotation": {
            "0.0": [
              0,
              0,
              0
            ],
            "0.3333": {
              "pre": [
                1,
                0,
                0
              ],
              "post": [
                1,
                0,
                0
              ],
              "lerp_mode": "catmullrom"
            },
            "0.8333": {
              "post": [
                -4,
                0,
                0
              ],
              "lerp_mode": "catmullrom"
            },
            "1.4167": {
              "post": [
                -4,
                0,
                0
              ],
              "lerp_mode": "catmullrom"
            },
            "1.9583": {
              "post": [
                0,
                0,
                0
              ],
              "lerp_mode": "catmullrom"
            },
            "2.5": [
              0,
              0,
              0
            ]
          }
        },
        "head": {
          "rotation": {
            "0.0": [
              0,
              0,
              0
            ],
            "0.2083": {
              "pre": [
                6,
                0,
                0
              ],
              "post": [
                6,
                0,
                0
              ],
              "lerp_mode": "catmullrom"
            },
            "0.9167": {
              "post": [
                -3,
                0,
                0
              ],
              "lerp_mode": "catmullrom"
            },
            "1.0417": {
              "post": [
                -6,
                0,
                0
              ],
              "lerp_mode": "catmullrom"
            },
            "1.0833": {
              "post": [
                -6.78,
                0,
                0
              ],
              "lerp_mode": "catmullrom"
            },
            "1.1667": {
              "post": [
                -5.19,
                0,
                0
              ],
              "lerp_mode": "catmullrom"
            },
            "1.25": {
              "post": [
                -6.52,
                0,
                0
              ],
              "lerp_mode": "catmullrom"
            },
            "1.9583": {
              "post": [
                1,
                0,
                0
              ],
              "lerp_mode": "catmullrom"
            },
            "2.5833": {
              "post": [
                0,
                0,
                0
              ],
              "lerp_mode": "catmullrom"
            },
            "2.9167": [
              0,
              0,
              0
            ]
          }
        },
        "mouth_closed": {
          "position": {
            "0.0": [
              0,
              0,
              0
            ],
            "0.25": {
              "pre": [
                0,
                0,
                0
              ],
              "post": [
                0,
                0,
                0.1
              ]
            },
            "1.75": {
              "pre": [
                0,
                0,
                0.1
              ],
              "post": [
                0,
                0,
                0
              ]
            }
          }
        },
        "mouth_open": {
          "position": {
            "0.0": [
              0,
              0,
              0
            ],
            "0.25": {
              "pre": [
                0,
                0,
                0
              ],
              "post": [
                0,
                0,
                -0.1
              ]
            },
            "1.0": {
              "pre": [
                0,
                0,
                -0.1
              ],
              "post": [
                0,
                0,
                0
              ]
            },
            "1.75": [
              0,
              0,
              0
            ]
          }
        },
        "mouth_open_happy": {
          "position": {
            "0.0": [
              0,
              0,
              0
            ],
            "1.0": {
              "pre": [
                0,
                0,
                0
              ],
              "post": [
                0,
                0,
                -0.1
              ]
            },
            "1.75": {
              "pre": [
                0,
                0,
                -0.1
              ],
              "post": [
                0,
                0,
                0
              ]
            }
          }
        },
        "arm_right": {
          "rotation": {
            "0.0": [
              0,
              0,
              0
            ],
            "0.1667": {
              "pre": [
                0,
                -4,
                -1
              ],
              "post": [
                0,
                -4,
                -1
              ],
              "lerp_mode": "catmullrom"
            },
            "0.9167": {
              "post": [
                -7.86,
                18.91,
                16
              ],
              "lerp_mode": "catmullrom"
            },
            "1.4583": {
              "post": [
                -17.86,
                18.91,
                16
              ],
              "lerp_mode": "catmullrom"
            },
            "2.0833": {
              "post": [
                -2.875,
                2.775,
                2.275
              ],
              "lerp_mode": "catmullrom"
            },
            "2.375": {
              "post": [
                0.225,
                -0.525,
                -0.625
              ],
              "lerp_mode": "catmullrom"
            },
            "2.7083": [
              0,
              0,
              0
            ]
          },
          "position": {
            "0.0": [
              0,
              0,
              0
            ],
            "0.1667": {
              "pre": [
                0.02,
                0.05,
                -1.85
              ],
              "post": [
                0.02,
                0.05,
                -1.85
              ],
              "lerp_mode": "catmullrom"
            },
            "0.7083": {
              "post": [
                0,
                0.33,
                -0.96
              ],
              "lerp_mode": "catmullrom"
            },
            "1.125": {
              "post": [
                0,
                0.7,
                2.4
              ],
              "lerp_mode": "catmullrom"
            },
            "1.75": {
              "post": [
                -0.6,
                0.7,
                2.4
              ],
              "lerp_mode": "catmullrom"
            },
            "2.1667": {
              "post": [
                0,
                0,
                0.25
              ],
              "lerp_mode": "catmullrom"
            },
            "2.6667": [
              0,
              0,
              0
            ]
          }
        },
        "arm_left": {
          "rotation": {
            "0.0": [
              0,
              0,
              0
            ],
            "0.1667": {
              "pre": [
                0,
                4,
                1
              ],
              "post": [
                0,
                4,
                1
              ],
              "lerp_mode": "catmullrom"
            },
            "0.9167": {
              "post": [
                -7.86,
                -18.91,
                -16
              ],
              "lerp_mode": "catmullrom"
            },
            "1.4583": {
              "post": [
                -17.86,
                -18.91,
                -16
              ],
              "lerp_mode": "catmullrom"
            },
            "2.0833": {
              "post": [
                -2.875,
                -2.775,
                -2.275
              ],
              "lerp_mode": "catmullrom"
            },
            "2.375": {
              "post": [
                0.225,
                0.525,
                0.625
              ],
              "lerp_mode": "catmullrom"
            },
            "2.7083": [
              0,
              0,
              0
            ]
          },
          "position": {
            "0.0": [
              0,
              0,
              0
            ],
            "0.1667": {
              "pre": [
                -0.02,
                0.05,
                -1.85
              ],
              "post": [
                -0.02,
                0.05,
                -1.85
              ],
              "lerp_mode": "catmullrom"
            },
            "0.7083": {
              "post": [
                0,
                0.33,
                -0.96
              ],
              "lerp_mode": "catmullrom"
            },
            "1.125": {
              "post": [
                0,
                0.7,
                2.4
              ],
              "lerp_mode": "catmullrom"
            },
            "1.75": {
              "post": [
                0.6,
                0.7,
                2.4
              ],
              "lerp_mode": "catmullrom"
            },
            "2.1667": {
              "post": [
                0,
                0,
                0.25
              ],
              "lerp_mode": "catmullrom"
            },
            "2.6667": [
              0,
              0,
              0
            ]
          }
        },
        "mouth_closed_sad": {
          "position": {
            "0.0": [
              0,
              0,
              0
            ],
            "0.25": {
              "pre": [
                0,
                0,
                0
              ],
              "post": [
                0,
                0,
                0.1
              ]
            },
            "1.75": {
              "pre": [
                0,
                0,
                0.1
              ],
              "post": [
                0,
                0,
                0
              ]
            }
          }
        }
      },
      "sound_effects": {
        "0.1667": {
          "effect": "pokemon.snorlax.cry"
        }
      }
    },
    "animation.snorlax_snowman_gmax.quirk_idle": {
      "animation_length": 8,
      "bones": {
        "torso": {
          "rotation": {
            "0.0": [
              0,
              0,
              0
            ],
            "0.6667": {
              "pre": [
                1,
                3,
                0
              ],
              "post": [
                1,
                3,
                0
              ],
              "lerp_mode": "catmullrom"
            },
            "2.0": {
              "post": [
                -1,
                -10,
                0
              ],
              "lerp_mode": "catmullrom"
            },
            "4.0": {
              "post": [
                -1,
                -10,
                2
              ],
              "lerp_mode": "catmullrom"
            },
            "5.3333": {
              "post": [
                0,
                0,
                0
              ],
              "lerp_mode": "catmullrom"
            },
            "7.6667": [
              0,
              0,
              0
            ]
          }
        },
        "belly2": {
          "rotation": {
            "0.0": [
              0,
              0,
              0
            ],
            "0.5833": {
              "pre": [
                1,
                0,
                0
              ],
              "post": [
                1,
                0,
                0
              ],
              "lerp_mode": "catmullrom"
            },
            "2.0417": {
              "post": [
                -9,
                0,
                0
              ],
              "lerp_mode": "catmullrom"
            },
            "3.0833": {
              "post": [
                -7,
                0,
                2
              ],
              "lerp_mode": "catmullrom"
            },
            "3.8333": {
              "post": [
                0,
                0,
                0
              ],
              "lerp_mode": "catmullrom"
            },
            "5.7083": [
              0,
              0,
              0
            ]
          }
        },
        "head": {
          "rotation": {
            "0.0": [
              0,
              0,
              0
            ],
            "0.5417": {
              "pre": [
                3,
                0,
                0
              ],
              "post": [
                3,
                0,
                0
              ],
              "lerp_mode": "catmullrom"
            },
            "1.7083": {
              "post": [
                -10,
                10,
                -2.5
              ],
              "lerp_mode": "catmullrom"
            },
            "3.0": {
              "post": [
                -10,
                10,
                2
              ],
              "lerp_mode": "catmullrom"
            },
            "3.6667": {
              "post": [
                0,
                10,
                0
              ],
              "lerp_mode": "catmullrom"
            },
            "4.0": {
              "post": [
                0.56,
                10,
                -1
              ],
              "lerp_mode": "catmullrom"
            },
            "4.375": {
              "post": [
                0.51,
                10,
                1.09
              ],
              "lerp_mode": "catmullrom"
            },
            "5.25": {
              "post": [
                0,
                0,
                0
              ],
              "lerp_mode": "catmullrom"
            },
            "6.25": [
              0,
              0,
              0
            ]
          }
        },
        "mouth_closed": {
          "position": {
            "0.0": [
              0,
              0,
              0
            ],
            "1.0833": {
              "pre": [
                0,
                0,
                0
              ],
              "post": [
                0,
                0,
                0.1
              ]
            },
            "3.3333": {
              "pre": [
                0,
                0,
                0.1
              ],
              "post": [
                0,
                0,
                0
              ]
            },
            "3.7917": {
              "pre": [
                0,
                0,
                0
              ],
              "post": [
                0,
                0,
                0.1
              ]
            },
            "4.0": {
              "pre": [
                0,
                0,
                0.1
              ],
              "post": [
                0,
                0,
                0
              ]
            },
            "4.2083": {
              "pre": [
                0,
                0,
                0
              ],
              "post": [
                0,
                0,
                0.1
              ]
            },
            "4.3333": {
              "pre": [
                0,
                0,
                0.1
              ],
              "post": [
                0,
                0,
                0
              ]
            }
          }
        },
        "mouth_open": {
          "position": {
            "0.0": [
              0,
              0,
              0
            ],
            "1.0833": {
              "pre": [
                0,
                0,
                0
              ],
              "post": [
                0,
                0,
                -0.1
              ]
            },
            "1.875": {
              "pre": [
                0,
                0,
                -0.1
              ],
              "post": [
                0,
                0,
                0
              ]
            },
            "3.7917": {
              "pre": [
                0,
                0,
                0
              ],
              "post": [
                0,
                0,
                -0.1
              ]
            },
            "4.0": {
              "pre": [
                0,
                0,
                -0.1
              ],
              "post": [
                0,
                0,
                0
              ]
            },
            "4.2083": {
              "pre": [
                0,
                0,
                0
              ],
              "post": [
                0,
                0,
                -0.1
              ]
            },
            "4.3333": {
              "pre": [
                0,
                0,
                -0.1
              ],
              "post": [
                0,
                0,
                0
              ]
            }
          }
        },
        "mouth_open_happy": {
          "position": {
            "0.0": [
              0,
              0,
              0
            ],
            "1.875": {
              "pre": [
                0,
                0,
                0
              ],
              "post": [
                0,
                0,
                -0.1
              ]
            },
            "3.3333": {
              "pre": [
                0,
                0,
                -0.1
              ],
              "post": [
                0,
                0,
                0
              ]
            }
          }
        },
        "arm_right": {
          "rotation": {
            "0.0": [
              0,
              0,
              0
            ],
            "2.1667": {
              "pre": [
                -113.37165,
                -77.45504,
                53.37072
              ],
              "post": [
                -113.37165,
                -77.45504,
                53.37072
              ],
              "lerp_mode": "catmullrom"
            },
            "3.5417": {
              "post": [
                -87.5,
                -91,
                27
              ],
              "lerp_mode": "catmullrom"
            },
            "4.625": {
              "post": [
                0,
                0,
                0
              ],
              "lerp_mode": "catmullrom"
            },
            "5.9583": [
              0,
              0,
              0
            ]
          },
          "position": {
            "0.0": [
              0,
              0,
              0
            ],
            "0.9167": {
              "pre": [
                0,
                0,
                -1.7
              ],
              "post": [
                0,
                0,
                -1.7
              ],
              "lerp_mode": "catmullrom"
            },
            "2.4167": {
              "post": [
                -4.5,
                -2.9,
                -4.1
              ],
              "lerp_mode": "catmullrom"
            },
            "3.6667": {
              "post": [
                -4.5,
                -5,
                -4.1
              ],
              "lerp_mode": "catmullrom"
            },
            "4.625": {
              "post": [
                0,
                0,
                0
              ],
              "lerp_mode": "catmullrom"
            },
            "5.9583": [
              0,
              0,
              0
            ]
          }
        },
        "arm_right2": {
          "rotation": {
            "0.0": [
              0,
              0,
              0
            ],
            "1.625": {
              "pre": [
                0,
                0,
                -0.14
              ],
              "post": [
                0,
                0,
                -0.14
              ],
              "lerp_mode": "catmullrom"
            },
            "2.3333": {
              "post": [
                0,
                0,
                -6
              ],
              "lerp_mode": "catmullrom"
            },
            "2.7083": {
              "post": [
                0,
                0,
                -15
              ],
              "lerp_mode": "catmullrom"
            },
            "3.0417": {
              "post": [
                0,
                0,
                -0.48
              ],
              "lerp_mode": "catmullrom"
            },
            "3.25": {
              "post": [
                0,
                0,
                -13.98
              ],
              "lerp_mode": "catmullrom"
            },
            "3.5833": {
              "post": [
                0,
                0,
                -9.25
              ],
              "lerp_mode": "catmullrom"
            },
            "4.5": {
              "post": [
                0,
                0,
                0
              ],
              "lerp_mode": "catmullrom"
            },
            "5.8333": [
              0,
              0,
              0
            ]
          },
          "position": {
            "1.625": [
              0,
              0,
              0
            ],
            "2.3333": {
              "pre": [
                0,
                -1.8,
                0
              ],
              "post": [
                0,
                -1.8,
                0
              ],
              "lerp_mode": "catmullrom"
            },
            "3.5833": {
              "post": [
                0,
                -1.8,
                0
              ],
              "lerp_mode": "catmullrom"
            },
            "4.5": {
              "post": [
                0,
                0,
                0
              ],
              "lerp_mode": "catmullrom"
            },
            "5.8333": [
              0,
              0,
              0
            ]
          }
        },
        "arm_left": {
          "rotation": {
            "0.0": [
              0,
              0,
              0
            ],
            "1.0833": {
              "pre": [
                0,
                6,
                0
              ],
              "post": [
                0,
                6,
                0
              ],
              "lerp_mode": "catmullrom"
            },
            "1.9583": {
              "post": [
                0,
                -15,
                -6
              ],
              "lerp_mode": "catmullrom"
            },
            "3.5417": {
              "post": [
                0,
                -15,
                -15
              ],
              "lerp_mode": "catmullrom"
            },
            "5.0833": {
              "post": [
                0,
                4,
                0
              ],
              "lerp_mode": "catmullrom"
            },
            "5.7917": {
              "post": [
                0,
                0,
                0
              ],
              "lerp_mode": "catmullrom"
            },
            "6.625": [
              0,
              0,
              0
            ]
          }
        },
        "eye_right": {
          "rotation": {
            "0.0": [
              0,
              0,
              0
            ],
            "1.0833": {
              "pre": [
                0,
                0,
                0
              ],
              "post": [
                0,
                0,
                -14
              ]
            },
            "3.3333": {
              "pre": [
                0,
                0,
                -14
              ],
              "post": [
                0,
                0,
                0
              ]
            }
          },
          "position": {
            "0.0": [
              0,
              0,
              0
            ],
            "3.3333": [
              0,
              0,
              0
            ]
          }
        },
        "eye_left": {
          "rotation": {
            "0.0": [
              0,
              0,
              0
            ],
            "1.0833": {
              "pre": [
                0,
                0,
                0
              ],
              "post": [
                0,
                0,
                14
              ]
            },
            "3.3333": {
              "pre": [
                0,
                0,
                14
              ],
              "post": [
                0,
                0,
                0
              ]
            }
          },
          "position": {
            "0.0": [
              0,
              0,
              0
            ],
            "3.3333": [
              0,
              0,
              0
            ]
          }
        },
        "ear_right": {
          "rotation": {
            "1.5": [
              0,
              0,
              0
            ],
            "1.8333": {
              "pre": [
                0,
                0,
                4
              ],
              "post": [
                0,
                0,
                4
              ],
              "lerp_mode": "catmullrom"
            },
            "3.125": {
              "post": [
                0,
                0,
                -6
              ],
              "lerp_mode": "catmullrom"
            },
            "3.625": {
              "post": [
                0,
                0,
                -6
              ],
              "lerp_mode": "catmullrom"
            },
            "4.625": [
              0,
              0,
              0
            ]
          }
        },
        "ear_left": {
          "rotation": {
            "1.5": [
              0,
              0,
              0
            ],
            "1.8333": {
              "pre": [
                0,
                0,
                -4
              ],
              "post": [
                0,
                0,
                -4
              ],
              "lerp_mode": "catmullrom"
            },
            "3.125": {
              "post": [
                0,
                0,
                6
              ],
              "lerp_mode": "catmullrom"
            },
            "3.625": {
              "post": [
                0,
                0,
                6
              ],
              "lerp_mode": "catmullrom"
            },
            "4.625": [
              0,
              0,
              0
            ],
            "4.8333": [
              0,
              0,
              0
            ],
            "4.9167": [
              0,
              0,
              4
            ],
            "5.0": [
              0,
              0,
              0
            ],
            "5.0833": [
              0,
              0,
              2
            ],
            "5.25": [
              0,
              0,
              0
            ]
          }
        },
        "arm_left2": {
          "rotation": {
            "0.0": [
              0,
              0,
              0
            ],
            "1.5": {
              "pre": [
                0,
                11,
                0
              ],
              "post": [
                0,
                11,
                0
              ],
              "lerp_mode": "catmullrom"
            },
            "2.1667": {
              "post": [
                0,
                -9,
                0
              ],
              "lerp_mode": "catmullrom"
            },
            "4.125": {
              "post": [
                0,
                -9,
                0
              ],
              "lerp_mode": "catmullrom"
            },
            "6.2917": {
              "post": [
                0,
                0,
                0
              ],
              "lerp_mode": "catmullrom"
            },
            "7.625": [
              0,
              0,
              0
            ]
          }
        }
      }
    }
  }
}