{
  "format_version": "1.8.0",
  "animations": {
    "animation.eevee_gigantamax.ground_idle": {
      "loop": true,
      "bones": {
        "torso": {
          "rotation": [
            "-22.5+math.sin(q.anim_time*90)*1.5",
            0,
            0
          ],
          "position": [
            0,
            "0+math.sin(q.anim_time*45)*0.25",
            0
          ]
        },
        "head": {
          "rotation": [
            "22.5+math.sin(q.anim_time*90)*1.5",
            0,
            0
          ]
        },
        "head_ruff_right": {
          "rotation": [
            0,
            0,
            "-(math.sin(q.anim_time*45-45)*5)"
          ]
        },
        "head_ruff_left": {
          "rotation": [
            "0+math.sin(q.anim_time*90)*2",
            0,
            "math.sin(q.anim_time*45-45)*5"
          ]
        },
        "ear_right1": {
          "rotation": [
            0,
            0,
            "math.sin(q.anim_time*45)*4"
          ]
        },
        "ear_right2": {
          "rotation": [
            "0+math.sin(q.anim_time*90)*2.5",
            0,
            "math.sin(q.anim_time*90)*1.5"
          ]
        },
        "swirlies": {
          "rotation": [
            0,
            "query.anim_time*22.5",
            0
          ]
        },
        "ear_left1": {
          "rotation": [
            "0+math.sin(q.anim_time*90)*2",
            0,
            "-(math.sin(q.anim_time*45)*4)"
          ]
        },
        "ear_left2": {
          "rotation": [
            "0+math.sin(q.anim_time*90)*2.5",
            0,
            "-(math.sin(q.anim_time*90)*1.5)"
          ]
        },
        "ruff_front": {
          "rotation": [
            "40+math.sin(q.anim_time*45)*1.5",
            0,
            0
          ],
          "position": [
            0,
            0.88659,
            2.72208
          ]
        },
        "ruff_back": {
          "rotation": [
            "27.50-math.sin(q.anim_time*90)*1.5",
            0,
            0
          ],
          "position": [
            0,
            4.55894,
            -2.28816
          ]
        },
        "ruff_right": {
          "rotation": [
            27.5,
            0,
            "0-math.sin(q.anim_time*145)*1.5"
          ],
          "position": [
            2.07242,
            0.74047,
            0.70402
          ]
        },
        "ruff_left": {
          "rotation": [
            27.5,
            0,
            "0+math.sin(q.anim_time*145)*1.5"
          ],
          "position": [
            -2.07242,
            0.74047,
            0.70402
          ]
        },
        "tail1": {
          "rotation": [
            18,
            0,
            "math.sin(q.anim_time*135)*6"
          ],
          "position": [
            0,
            1.98289,
            0.26105
          ]
        },
        "tail2": {
          "rotation": [
            10,
            0,
            "math.sin(q.anim_time*135)*7"
          ],
          "position": [
            0,
            -0.17965,
            -0.78596
          ]
        },
        "tail3": {
          "rotation": [
            10,
            0,
            "math.sin(q.anim_time*135)*8"
          ],
          "position": [
            0,
            -0.46985,
            0.17101
          ]
        },
        "leg_front_right1": {
          "rotation": [
            0,
            0,
            -10
          ],
          "position": [
            1.69462,
            "-0.3966-math.sin(q.anim_time*45)*0.5",
            -0.9439
          ]
        },
        "leg_front_right2": {
          "rotation": [
            0,
            0,
            2
          ],
          "position": [
            0,
            "math.sin(q.anim_time*45+10)*0.5",
            0
          ]
        },
        "leg_front_right3": {
          "rotation": [
            0,
            0,
            8
          ],
          "position": [
            0.09903,
            -0.01392,
            0
          ]
        },
        "leg_front_left1": {
          "rotation": [
            -123.49764,
            "-12.5698+math.sin(q.anim_time*145)*1.5",
            80.14127
          ],
          "position": [
            1.59978,
            -1.86467,
            -2.92178
          ]
        },
        "leg_front_left2": {
          "rotation": [
            "-13.6542+math.sin(q.anim_time*145)",
            -76.57554,
            78.68428
          ],
          "position": [
            0.5912,
            1.22075,
            0.0419
          ]
        },
        "leg_front_left3": {
          "rotation": [
            "120.0063+math.sin(q.anim_time*145)*0.5",
            "0.3328249114-math.sin(q.anim_time*145)*1.5",
            0.96608
          ],
          "position": [
            0.01647,
            -1.08741,
            1.03911
          ]
        },
        "leg_back_right1": {
          "rotation": [
            -62.54821,
            7.24558,
            1.6538
          ],
          "position": [
            0,
            -6.30133,
            -1.83741
          ]
        },
        "leg_back_right2": {
          "rotation": [
            117.49548,
            -0.261,
            1.9829
          ],
          "position": [
            0,
            2.38828,
            2.39434
          ]
        },
        "leg_back_right3": {
          "rotation": [
            -55.0386,
            2.66764,
            -6.15564
          ],
          "position": [
            0,
            1.40883,
            -0.12326
          ]
        },
        "leg_back_left1": {
          "rotation": [
            -62.54821,
            -7.24558,
            -1.6538
          ],
          "position": [
            0,
            -6.30133,
            -1.83741
          ]
        },
        "leg_back_left2": {
          "rotation": [
            117.49548,
            0.261,
            -1.9829
          ],
          "position": [
            0,
            2.38828,
            2.39434
          ]
        },
        "leg_back_left3": {
          "rotation": [
            -55.0386,
            -2.66764,
            6.15564
          ],
          "position": [
            0,
            1.40883,
            -0.12326
          ]
        }
      }
    },
    "animation.eevee_gigantamax.blink": {
      "animation_length": 0.0833,
      "bones": {
        "eyelids": {
          "position": {
            "0.0": [
              0,
              0,
              0
            ],
            "0.0417": [
              0,
              0,
              -0.2
            ],
            "0.0833": [
              0,
              0,
              0
            ]
          }
        }
      }
    }
  }
}