{
	"format_version": "1.12.0",
	"minecraft:geometry": [
		{
			"description": {
				"identifier": "geometry.eevee_gigantamax",
				"texture_width": 256,
				"texture_height": 256,
				"visible_bounds_width": 5,
				"visible_bounds_height": 5.5,
				"visible_bounds_offset": [0, 2.25, 0]
			},
			"bones": [
				{
					"name": "eevee_gigantamax",
					"pivot": [0, 0, 0]
				},
				{
					"name": "body",
					"parent": "eevee_gigantamax",
					"pivot": [0, 0, 0]
				},
				{
					"name": "torso",
					"parent": "body",
					"pivot": [0, 18, -1.5],
					"cubes": [
						{"origin": [-7.5, 10, -10], "size": [15, 13, 22], "uv": [0, 37]}
					]
				},
				{
					"name": "head",
					"parent": "torso",
					"pivot": [0, 22.25, -7.75],
					"cubes": [
						{"origin": [-8.5, 23.25, -15.75], "size": [17, 16, 16], "uv": [58, 56]},
						{"origin": [-0.5, 27.5, -15.775], "size": [1, 1, 0], "inflate": 0.01, "uv": [0, 141], "mirror": true},
						{"origin": [-2, 25, -15.775], "size": [4, 2, 0], "inflate": 0.01, "uv": [0, 142], "mirror": true},
						{"origin": [-7, 35.2, -17.15], "size": [16, 7, 7], "pivot": [2.5, 40.2, -15.15], "rotation": [-22.58148, 0, 2.31043], "uv": [7, 138]},
						{"origin": [-9.25, 35.2, -17.15], "size": [16, 7, 7], "pivot": [0.25, 40.2, -15.15], "rotation": [-22.22093, 0, -4.63223], "uv": [7, 138]}
					]
				},
				{
					"name": "eyes",
					"parent": "head",
					"pivot": [0, 0, 2]
				},
				{
					"name": "eye_right",
					"parent": "eyes",
					"pivot": [-5.5, 30.75, -15.775],
					"rotation": [0, 0, 2.5],
					"cubes": [
						{"origin": [-8, 27.25, -15.775], "size": [5, 7, 0], "inflate": 0.01, "uv": [0, 134], "mirror": true}
					]
				},
				{
					"name": "eye_left",
					"parent": "eyes",
					"pivot": [5.5, 30.75, -15.775],
					"rotation": [0, 0, -2.5],
					"cubes": [
						{"origin": [3, 27.25, -15.775], "size": [5, 7, 0], "inflate": 0.01, "uv": [0, 134]}
					]
				},
				{
					"name": "eyelids",
					"parent": "eyes",
					"pivot": [0, 30, -15.15]
				},
				{
					"name": "eyelid_right",
					"parent": "eyelids",
					"pivot": [-5.5, 30.75, -15.175],
					"rotation": [0, 0, 2.5],
					"cubes": [
						{"origin": [-8, 27.25, -15.675], "size": [5, 7, 1], "inflate": 0.02, "uv": [0, 144], "mirror": true}
					]
				},
				{
					"name": "eyelid_left",
					"parent": "eyelids",
					"pivot": [5.5, 30.75, -15.175],
					"rotation": [0, 0, -2.5],
					"cubes": [
						{"origin": [3, 27.25, -15.675], "size": [5, 7, 1], "inflate": 0.02, "uv": [0, 144]}
					]
				},
				{
					"name": "head_ruff",
					"parent": "head",
					"pivot": [0, 39.25, -8.5],
					"rotation": [-5, 0, 0],
					"cubes": [
						{"origin": [-5, 39.25, -8.5], "size": [10, 4, 1], "inflate": 0.01, "uv": [62, 137]},
						{"origin": [-2.7807, 34.41671, -18.2], "size": [10, 6, 2], "inflate": 0.01, "pivot": [3, 35.25, -19.75], "rotation": [-0.21782, 0.00473, -177.50952], "uv": [63, 144]},
						{"origin": [-12.16433, 33.73339, -18.2], "size": [10, 6, 2], "inflate": 0.01, "pivot": [-5.5, 34.75, -19.75], "rotation": [-0.21658, -0.02374, 174.99053], "uv": [61, 136]}
					]
				},
				{
					"name": "head_ruff_right",
					"parent": "head",
					"pivot": [6.75, 38.25, -8],
					"rotation": [5, 0, 32.5],
					"cubes": [
						{"origin": [4.75, 38.25, -8], "size": [4, 6, 0], "inflate": 0.01, "uv": [76, 0]}
					]
				},
				{
					"name": "head_ruff_left",
					"parent": "head",
					"pivot": [-6.75, 38.25, -8],
					"rotation": [5, 0, -32.5],
					"cubes": [
						{"origin": [-8.75, 38.25, -8], "size": [4, 6, 0], "inflate": 0.01, "uv": [0, 0]}
					]
				},
				{
					"name": "ear_right1",
					"parent": "head",
					"pivot": [-5.75, 37.25, -8],
					"rotation": [-5, 0, -35],
					"cubes": [
						{"origin": [-10.75, 37.25, -8], "size": [10, 12, 0], "inflate": 0.02, "uv": [92, 24]}
					]
				},
				{
					"name": "ear_right2",
					"parent": "ear_right1",
					"pivot": [-6.75, 49.25, -8],
					"cubes": [
						{"origin": [-10.75, 49.25, -8], "size": [10, 13, 0], "inflate": 0.01, "uv": [0, 72]}
					]
				},
				{
					"name": "swirlies",
					"parent": "ear_right2",
					"pivot": [-5.74987, 51.25, -7.84345],
					"cubes": [
						{"origin": [-9.75, 48.25, -17.5], "size": [8, 6, 0], "inflate": 0.01, "uv": [26, 127]},
						{"origin": [-9.75, 48.25, 1.81271], "size": [8, 6, 0], "inflate": 0.01, "uv": [108, 62]},
						{"origin": [-15.40585, 48.25, -11.84315], "size": [0, 6, 8], "inflate": 0.01, "uv": [0, 42]},
						{"origin": [3.90685, 48.25, -11.84315], "size": [0, 6, 8], "inflate": 0.01, "uv": [0, 0]},
						{"origin": [-2.18934, 48.25, -16.43934], "size": [8, 6, 0], "inflate": 0.01, "pivot": [-0.68934, 51.75, -16.43934], "rotation": [0, -45, 0], "uv": [42, 127]},
						{"origin": [-17.01777, 48.25, -15.73223], "size": [8, 6, 0], "inflate": 0.01, "pivot": [-11.51777, 51.75, -15.73223], "rotation": [0, 45, 0], "uv": [112, 38]},
						{"origin": [-17.30995, 48.25, 0.75234], "size": [8, 6, 0], "inflate": 0.01, "pivot": [-10.80995, 51.75, 0.75234], "rotation": [0, -45, 0], "uv": [106, 89]},
						{"origin": [-2.19005, 48.25, 0.75234], "size": [8, 6, 0], "inflate": 0.01, "pivot": [-0.69005, 51.75, 0.75234], "rotation": [0, 45, 0], "uv": [22, 108]}
					]
				},
				{
					"name": "ear_left1",
					"parent": "head",
					"pivot": [5.75, 37.25, -8],
					"rotation": [-5, 0, 35],
					"cubes": [
						{"origin": [0.75, 37.25, -8], "size": [10, 12, 0], "inflate": 0.02, "uv": [36, 72]}
					]
				},
				{
					"name": "ear_left2",
					"parent": "ear_left1",
					"pivot": [5.75, 49.25, -8],
					"cubes": [
						{"origin": [0.75, 49.25, -8], "size": [10, 13, 0], "inflate": 0.01, "uv": [0, 37]}
					]
				},
				{
					"name": "ruff_front",
					"parent": "torso",
					"pivot": [0, 13, -10],
					"rotation": [-2.5, 0, 0],
					"cubes": [
						{"origin": [-10, 6.98953, -19.47981], "size": [20, 17, 10], "uv": [56, 89]},
						{"origin": [-9.25, 23.86674, -18.46934], "size": [7, 3, 0], "inflate": 0.01, "pivot": [-5.75, 25.46674, -18.46934], "rotation": [-10, 10, 0], "uv": [82, 53]}
					]
				},
				{
					"name": "ruff_back",
					"parent": "torso",
					"pivot": [0, 20, 1],
					"rotation": [10, 0, 0],
					"cubes": [
						{"origin": [-9.5, 11.60344, -2.89734], "size": [19, 15, 10], "uv": [106, 106]},
						{"origin": [-7.25, 26.58065, 5.84219], "size": [7, 3, 0], "inflate": 0.01, "pivot": [-3.75, 28.08065, 5.84219], "rotation": [10, -10, 0], "uv": [68, 53]},
						{"origin": [1, 26.58065, 4.59219], "size": [7, 3, 0], "inflate": 0.01, "pivot": [4.5, 28.08065, 4.59219], "rotation": [7.5, 10, 0], "uv": [58, 15]}
					]
				},
				{
					"name": "ruff_right",
					"parent": "torso",
					"pivot": [-8.5, 12, -6.5],
					"rotation": [5, 0, 5],
					"cubes": [
						{"origin": [-15.63302, 8.90125, -15.37129], "size": [8, 16, 20], "uv": [0, 72]},
						{"origin": [-19.18957, 17.41702, -5.87129], "size": [5, 0, 8], "inflate": 0.01, "pivot": [-16.68957, 17.41702, -2.37129], "rotation": [0, 0, 65], "uv": [0, 0]},
						{"origin": [-13.19469, 24.63431, -12.6471], "size": [0, 5, 8], "inflate": 0.01, "pivot": [-13.68489, 27.262, -8.62129], "rotation": [0, -10, 20], "uv": [52, 45]},
						{"origin": [-13.20541, 24.12987, -2.61791], "size": [0, 4, 6], "inflate": 0.01, "pivot": [-13.41891, 26.0048, 0.34637], "rotation": [0, 10, 35], "uv": [44, 78]}
					]
				},
				{
					"name": "ruff_left",
					"parent": "torso",
					"pivot": [8.5, 12, -6.5],
					"rotation": [5, 0, -5],
					"cubes": [
						{"origin": [7.63302, 8.90125, -15.37129], "size": [8, 16, 20], "uv": [56, 17]},
						{"origin": [14.18957, 16.66702, -11.62129], "size": [4, 0, 7], "inflate": 0.01, "pivot": [16.68957, 16.66702, -9.12129], "rotation": [0, 0, -65], "uv": [29, 84]},
						{"origin": [13.19469, 24.63431, -13.3971], "size": [0, 4, 6], "inflate": 0.01, "pivot": [13.68489, 27.262, -9.37129], "rotation": [0, 7.5, -20], "uv": [0, 8]},
						{"origin": [13.20541, 24.12987, -3.86791], "size": [0, 3, 6], "inflate": 0.01, "pivot": [13.41891, 26.0048, 0.09637], "rotation": [0, -7.5, -35], "uv": [0, 50]}
					]
				},
				{
					"name": "tail1",
					"parent": "torso",
					"pivot": [0, 13.75, 10.75],
					"rotation": [-37.5, 0, 0],
					"cubes": [
						{"origin": [-10, 11.25, 1.75], "size": [20, 19, 18], "uv": [0, 0]}
					]
				},
				{
					"name": "tail2",
					"parent": "tail1",
					"pivot": [0, 30.25, 11.75],
					"rotation": [10, 0, 0],
					"cubes": [
						{"origin": [-7.5, 27.03446, 4.64365], "size": [15, 10, 14], "uv": [92, 0]}
					]
				},
				{
					"name": "tail3",
					"parent": "tail2",
					"pivot": [0.5, 37.53446, 12.64365],
					"rotation": [10, 0, 0],
					"cubes": [
						{"origin": [-6, 37.04206, 12.55683], "size": [13, 7, 0], "inflate": 0.01, "uv": [0, 127]}
					]
				},
				{
					"name": "leg_front_right1",
					"parent": "body",
					"pivot": [-5.25, 16.75, -5.75],
					"rotation": [5, 0, 0],
					"cubes": [
						{"origin": [-8.25, 9.75, -8.75], "size": [6, 9, 6], "inflate": 0.01, "uv": [108, 47]}
					]
				},
				{
					"name": "leg_front_right2",
					"parent": "leg_front_right1",
					"pivot": [-5.25, 9.75, -6.25],
					"rotation": [-15, 0, 0],
					"cubes": [
						{"origin": [-8.25, 2.77646, -8.85222], "size": [6, 8, 6], "uv": [112, 24]}
					]
				},
				{
					"name": "leg_front_right3",
					"parent": "leg_front_right2",
					"pivot": [-5.25, 4.26126, -6.52587],
					"rotation": [10, 0, 0],
					"cubes": [
						{"origin": [-8.25, -0.08603, -10.30626], "size": [6, 4, 7], "inflate": 0.01, "uv": [124, 62]}
					]
				},
				{
					"name": "leg_front_left1",
					"parent": "body",
					"pivot": [5.25, 16.75, -5.75],
					"rotation": [5, 0, 0],
					"cubes": [
						{"origin": [2.25, 9.75, -8.75], "size": [6, 9, 6], "inflate": 0.01, "uv": [58, 0]}
					]
				},
				{
					"name": "leg_front_left2",
					"parent": "leg_front_left1",
					"pivot": [5.25, 9.75, -6.25],
					"rotation": [-15, 0, 0],
					"cubes": [
						{"origin": [2.25, 2.77646, -8.85222], "size": [6, 8, 6], "uv": [82, 0]}
					]
				},
				{
					"name": "leg_front_left3",
					"parent": "leg_front_left2",
					"pivot": [5.25, 2.26126, -6.52587],
					"rotation": [10, 0, 0],
					"cubes": [
						{"origin": [2.25, -0.11642, -9.95896], "size": [6, 4, 7], "inflate": 0.01, "uv": [79, 120]}
					]
				},
				{
					"name": "leg_back_right1",
					"parent": "body",
					"pivot": [-5.5, 18, 7.5],
					"rotation": [5, 0, 0],
					"cubes": [
						{"origin": [-9, 8.5, 2.5], "size": [7, 11, 8], "inflate": 0.01, "uv": [30, 108]}
					]
				},
				{
					"name": "leg_back_right2",
					"parent": "leg_back_right1",
					"pivot": [-5.5, 8.5, 7],
					"rotation": [-20, 0, 0],
					"cubes": [
						{"origin": [-8.5, 2.77606, 4.81908], "size": [6, 7, 6], "uv": [126, 38]}
					]
				},
				{
					"name": "leg_back_right3",
					"parent": "leg_back_right2",
					"pivot": [-5.5, 3.99199, 7.06026],
					"rotation": [15, 0, 0],
					"cubes": [
						{"origin": [-8.5, -0.02565, 3.24211], "size": [6, 4, 7], "inflate": 0.01, "uv": [124, 73]}
					]
				},
				{
					"name": "leg_back_left1",
					"parent": "body",
					"pivot": [5.5, 18, 7.5],
					"rotation": [5, 0, 0],
					"cubes": [
						{"origin": [2, 8.5, 2.5], "size": [7, 11, 8], "inflate": 0.01, "uv": [0, 108]}
					]
				},
				{
					"name": "leg_back_left2",
					"parent": "leg_back_left1",
					"pivot": [5.5, 8.5, 7],
					"rotation": [-20, 0, 0],
					"cubes": [
						{"origin": [2.5, 2.77606, 4.81908], "size": [6, 7, 6], "uv": [116, 89]}
					]
				},
				{
					"name": "leg_back_left3",
					"parent": "leg_back_left2",
					"pivot": [5.5, 3.99199, 7.06026],
					"rotation": [15, 0, 0],
					"cubes": [
						{"origin": [2.5, -0.02565, 3.24211], "size": [6, 4, 7], "inflate": 0.01, "uv": [60, 116]}
					]
				}
			]
		}
	]
}