{
  "species": "cobblemon:charizard",
  "order": 1,
  "variations": [
    {
      "aspects": ["clone"],
      "poser": "cobblemon:charizard",
      "model": "cobblemon:charizard.geo",
      "texture": "cobblemon:textures/pokemon/0006_charizard/charizard_clone.png",
      "layers": [
        {
          "name": "flame",
          "texture": {
            "frames": [
              "cobblemon:textures/pokemon/0006_charizard/charizard_flame1.png",
              "cobblemon:textures/pokemon/0006_charizard/charizard_flame2.png",
              "cobblemon:textures/pokemon/0006_charizard/charizard_flame3.png",
              "cobblemon:textures/pokemon/0006_charizard/charizard_flame4.png"
            ],
            "fps": 10,
            "loop": true
          },
          "emissive": true,
          "translucent": true
        }
      ]
    },
    {
      "aspects": [
		"shiny",
		"clone"
	  ],
      "texture": "cobblemon:textures/pokemon/0006_charizard/charizard_clone_shiny.png",
      "layers": [
        {
          "name": "flame",
          "texture": {
            "frames": [
              "cobblemon:textures/pokemon/0006_charizard/charizard_flame1.png",
              "cobblemon:textures/pokemon/0006_charizard/charizard_flame2.png",
              "cobblemon:textures/pokemon/0006_charizard/charizard_flame3.png",
              "cobblemon:textures/pokemon/0006_charizard/charizard_flame4.png"
            ],
            "fps": 10,
            "loop": true
          },
          "emissive": true,
          "translucent": true
        }
      ]
    }
  ]
}
