{
  "species": "cobblemon:charizard",
  "order": 3,
  "variations": [
    {
      "aspects": [
        "mega_x",
		"clone"
      ],
      "model": "cobblemon:charizard_mega_x.geo",
      "texture": "cobblemon:textures/pokemon/0006_charizard/megacharizardx_clone.png",
      "layers": [
        {
          "name": "flame",
          "texture": "cobblemon:textures/pokemon/blank.png",
          "emissive": true,
          "translucent": true
        },
        {
          "name": "glow",
          "texture": "cobblemon:textures/pokemon/0006_charizard/x_glow.png",
          "emissive": true,
          "translucent": true
        }
      ]
    },
    {
      "aspects": [
        "mega_x",
		"clone",
        "shiny"
      ],
      "model": "cobblemon:charizard_mega_x.geo",
      "texture": "cobblemon:textures/pokemon/0006_charizard/megacharizardx_clone_shiny.png",
      "layers": [
        {
          "name": "flame",
          "texture": "cobblemon:textures/pokemon/blank.png",
          "emissive": true,
          "translucent": true
        },
        {
          "name": "glow",
          "texture": "cobblemon:textures/pokemon/0006_charizard/x_glow.png",
          "emissive": true,
          "translucent": true
        }
      ]
    }
  ]
}