{
  "target": "cobblemon:mimikyu",
  "forms": [
    {
      "name": "Acerola",
      "aspects": [
        "acerola",
        "disguised-form"
      ],
      "pokedex": ["cobblemon.species.mimikyu-acerola.desc"],
      "maleRatio": 0.0
    },
    {
      "name": "Busted-Acerola",
      "aspects": [
        "acerola",
        "busted-form"
      ],
      "pokedex": ["cobblemon.species.mimikyu-busted-acerola.desc"],
      "maleRatio": 0.0,
      "battleOnly": true
    }
  ]
}