{
  "target": "cobblemon:tyranitar",
  "baseScale": 0.7,
  "forms": [
    {
      "name": "Black",
      "primaryType": "rock",
      "secondaryType": "dark",
      "maleRatio": 0.5,
      "height": 45,
      "weight": 3155,
	  "catchRate": 1,
	  "baseScale": 1,
	  "eggCycles": 120,
	  "baseFriendship": 10,
      "baseExperienceYield": 600,
	  "experienceGroup": "fluctuating",
      "pokedex": [
        "cobblemon.species.tyranitar-black.desc"
      ],
      "labels": [
        "gen2",
        "black",
		"legendary",
		"restricted"
      ],
      "aspects": [
        "black"
      ],
      "abilities": [
        "intimidate",
        "beastboost",
        "h:sheerforce"
      ],
	  "eggGroups": [
		"undiscovered"
	  ],
      "baseStats": {
        "hp": 105,
        "attack": 164,
        "defence": 130,
        "special_attack": 50,
        "special_defence": 130,
        "speed": 101
      },
	  "moves": [
		"1:thunderfang",
		"1:icefang",
		"1:firefang",
		"1:payback",
		"1:irondefense",
		"1:sandstorm",
		"9:bodyslam",
		"12:ancientpower",
		"17:scaryface",
		"22:rockslide",
		"27:stompingtantrum",
		"31:screech",
		"38:taunt",
		"45:smackdown",
		"51:crunch",
		"56:earthquake",
		"61:stoneedge",
		"65:partingshot",
		"68:thrash",
		"72:lashout",
		"77:outrage",
		"79:skullbash",
		"83:jawlock",
		"89:gigaimpact",
		"94:dragondance",
		"99:rockwrecker",
		"tm:aerialace",
		"tm:aquatail",
		"tm:assurance",
		"tm:avalanche",
		"tm:blizzard",
		"tm:block",
		"tm:bodypress",
		"tm:breakingswipe",
		"tm:brickbreak",
		"tm:brutalswing",
		"tm:bulldoze",
		"tm:curse",
		"tm:cut",
		"tm:dig",
		"tm:doubleedge",
		"tm:dragonclaw",
		"tm:dragonpulse",
		"tm:dragontail",
		"tm:earthpower",
		"tm:endure",
		"tm:facade",
		"tm:fireblast",
		"tm:firepunch",
		"tm:flamethrower",
		"tm:fling",
		"tm:focusblast",
		"tm:focusenergy",
		"tm:focuspunch",
		"tm:foulplay",
		"tm:furycutter",
		"tm:hardpress",
		"tm:headbutt",
		"tm:heavyslam",
		"tm:helpinghand",
		"tm:highhorsepower",
		"tm:honeclaws",
		"tm:hydropump",
		"tm:hyperbeam",
		"tm:icebeam",
		"tm:icepunch",
		"tm:icywind",
		"tm:incinerate",
		"tm:ironhead",
		"tm:irontail",
		"tm:knockoff",
		"tm:lowkick",
		"tm:megakick",
		"tm:megapunch",
		"tm:muddywater",
		"tm:mudshot",
		"tm:mudslap",
		"tm:powergem",
		"tm:poweruppunch",
		"tm:protect",
		"tm:raindance",
		"tm:rest",
		"tm:retaliate",
		"tm:revenge",
		"tm:roar",
		"tm:rockblast",
		"tm:rockclimb",
		"tm:rockpolish",
		"tm:rocksmash",
		"tm:rocktomb",
		"tm:sandtomb",
		"tm:shadowclaw",
		"tm:shockwave",
		"tm:sleeptalk",
		"tm:snarl",
		"tm:spite",
		"tm:stealthrock",
		"tm:strength",
		"tm:substitute",
		"tm:sunnyday",
		"tm:superpower",
		"tm:surf",
		"tm:takedown",
		"tm:taunt",
		"tm:terablast",
		"tm:thunder",
		"tm:thunderbolt",
		"tm:thunderpunch",
		"tm:thunderwave",
		"tm:torment",
		"tutor:focuspunch",
		"tutor:foulplay",
		"tutor:furycutter",
		"tutor:highhorsepower",
		"tutor:hyperbeam",
		"tutor:icebeam",
		"tutor:ironhead",
		"tutor:irontail",
		"tutor:knockoff",
		"tutor:lowkick",
		"tutor:rest",
		"tutor:shadowclaw",
		"tutor:sleeptalk",
		"tutor:snarl",
		"tutor:spite"
	  ]
    }
  ]
}