{
  "target": "cobblemon:charizard",
  "forms": [
    {
      "name": "Clone",
      "aspects": ["clone"],
      "pokedex": ["cobblemon.species.charizard-clone.desc"],
      "experienceGroup": "fast",
      "preEvolution": "charmeleon clone=true",
      "riding": {
        "behaviours": {
          "AIR": {
            "key": "cobblemon:air/bird",
            "rideSounds": [
              {
                "muffleEnabled": true,
                "pitchExpr": "math.max(1.0 ,0.2 + math.pow(math.min(q.ride_velocity() / 1.5, 1.0),2))",
                "playForPassengers": true,
                "playForNonPassengers": false,
                "soundLocation": "cobblemon:ride.loop.wind.stereo",
                "volumeExpr": "math.pow(math.min(q.ride_velocity() / 1.5, 1.0),2)"
              },
              {
                "muffleEnabled": true,
                "pitchExpr": "math.max(1.0 ,0.2 + math.pow(math.min(q.ride_velocity() / 1.5, 1.0),2))",
                "playForPassengers": false,
                "playForNonPassengers": true,
                "soundLocation": "cobblemon:ride.loop.wind.mono",
                "volumeExpr": "math.pow(math.min(q.ride_velocity() / 1.5, 1.0),2)"
              },
              {
                "muffleEnabled": true,
                "pitchExpr": "math.max(1.0 ,0.2 + math.pow(math.min(q.ride_velocity() / 1.5, 1.0),2))",
                "playForPassengers": true,
                "playForNonPassengers": false,
                "soundLocation": "cobblemon:ride.loop.leather.stereo",
                "volumeExpr": "math.pow(math.min(q.ride_velocity() / 1.5, 1.0),2)"
              },
              {
                "muffleEnabled": true,
                "pitchExpr": "math.max(1.0 ,0.2 + math.pow(math.min(q.ride_velocity() / 1.5, 1.0),2))",
                "playForPassengers": false,
                "playForNonPassengers": true,
                "soundLocation": "cobblemon:ride.loop.leather.mono",
                "volumeExpr": "math.pow(math.min(q.ride_velocity() / 1.5, 1.0),2)"
              }
            ],
            "stats": {
              "ACCELERATION": "45-75",
              "JUMP": "30-65",
              "SKILL": "55-85",
              "SPEED": "30-65",
              "STAMINA": "30-65"
            }
          },
          "LAND": {
            "key": "cobblemon:land/horse",
            "rideSounds": [],
            "stats": {
              "ACCELERATION": "55-65",
              "JUMP": "15-25",
              "SKILL": "10-25",
              "SPEED": "25-40",
              "STAMINA": "20-30"
            }
          }
        },
        "seats": [
          {
            "offset": {
              "x": 0.0,
              "y": 0.0,
              "z": 0.0
            },
            "poseOffsets": [
              {
                "offset": {
                  "x": 0.0047415113,
                  "y": -1.6152971,
                  "z": 0.35461712
                },
                "poseTypes": [
                  "STAND"
                ]
              },
              {
                "offset": {
                  "x": -0.003806442,
                  "y": -1.7203209,
                  "z": 0.12983066
                },
                "poseTypes": [
                  "WALK"
                ]
              },
              {
                "offset": {
                  "x": 0.039005388,
                  "y": -2.4511793,
                  "z": 0.10381147
                },
                "poseTypes": [
                  "HOVER"
                ]
              },
              {
                "offset": {
                  "x": 0.056267936,
                  "y": -2.0914204,
                  "z": -0.45272845
                },
                "poseTypes": [
                  "FLY"
                ]
              },
              {
                "offset": {
                  "x": 0.0,
                  "y": -0.7674751,
                  "z": -0.27694723
                },
                "poseTypes": [
                  "FLOAT"
                ]
              },
              {
                "offset": {
                  "x": -0.003806442,
                  "y": -1.7203209,
                  "z": 0.12983066
                },
                "poseTypes": [
                  "SWIM"
                ]
              },
              {
                "offset": {
                  "x": 0.0047415113,
                  "y": -1.6152971,
                  "z": 0.35461712
                },
                "poseTypes": [
                  "GLIDE"
                ]
              }
            ]
          }
        ]
      }
    },
	  {
      "name": "Clone-Mega-X",
      "aspects": [
        "clone",
        "mega_x"
      ],
      "pokedex": ["cobblemon.species.charizardx-clone.desc"],
      "primaryType": "fire",
      "secondaryType": "dragon",
      "maleRatio": 0.875,
      "height": 17,
      "weight": 1105,
      "abilities": [
        "toughclaws",
        "h:toughclaws"
      ],
      "baseStats": {
        "hp": 78,
        "attack": 130,
        "defence": 111,
        "special_attack": 130,
        "special_defence": 85,
        "speed": 100
      },
      "experienceGroup": "fast",
      "baseExperienceYield": 317,
      "dynamaxBlocked": true,
      "battleOnly": true
    },
    {
      "name": "Clone-Mega-Y",
      "aspects": [
        "clone",
        "mega_y"
      ],
      "pokedex": [
        "cobblemon.species.charizardy-clone.desc"
      ],
      "primaryType": "fire",
      "secondaryType": "flying",
      "maleRatio": 0.875,
      "height": 17,
      "weight": 1005,
      "abilities": [
        "drought",
        "h:drought"
      ],
      "baseStats": {
        "hp": 78,
        "attack": 104,
        "defence": 78,
        "special_attack": 159,
        "special_defence": 115,
        "speed": 100
      },
      "experienceGroup": "fast",
      "baseExperienceYield": 317,
      "dynamaxBlocked": true,
      "battleOnly": true
    }
  ]
}