{
  "target": "cobblemon:charmander",
  "forms": [
    {
      "name": "Clone",
      "aspects": ["clone"],
      "pokedex": ["cobblemon.species.charmander-clone.desc"],
	  "experienceGroup": "fast",
      "evolutions": [
		{
		  "id": "charmanderclone_charmeleonclone",
		  "variant": "level_up",
		  "result": "charmeleon clone=true",
		  "consumeHeldItem": false,
		  "learnableMoves": [],
		  "requirements": [
			{
			  "variant": "level",
			  "minLevel": 16
			}
		  ]
		}
	  ]
    }
  ]
}