{
  "target": "cobblemon:snorlax",
  "forms": [
    {
      "name": "Snowman",
      "aspects": ["snowman"],
      "pokedex": ["cobblemon.species.munchlax-snowman.desc"],
      "primaryType": "normal",
      "secondaryType": "ice",
      "abilities": [
        "icebody",
        "thickfat",
        "h:furcoat"
      ],
      "riding": {
        "stats": {
          "SPEED": {
            "ranges": "5-10"
          },
          "ACCELERATION": {
            "ranges": "80-100"
          },
          "SKILL": {
            "ranges": "10-20"
          },
          "JUMP": {
            "ranges": "5-10"
          },
          "STAMINA": {
            "ranges": "10-20"
          }
        },
        "seats": [],
        "behaviour": {
          "key": "cobblemon:land/horse"
        }
      },
      "moves": [
        "1:tackle",
        "1:defensecurl",
        "1:lick",
        "1:block",
        "1:recycle",
        "1:fling",
        "1:lastresort",
        "1:chipaway",
        "1:covet",
        "1:stockpile",
        "1:swallow",
        "1:screech",
        "1:metronome",
        "1:flail",
        "1:odorsleuth",
        "1:powdersnow",
        "1:sheercold",
        "12:yawn",
        "15:iceshard",
        "16:bite",
        "20:rest",
        "20:sleeptalk",
        "20:snore",
        "20:icepunch",
        "24:crunch",
        "25:icywind",
        "28:bodyslam",
        "30:frostbreath",
        "32:heavyslam",
        "35:avalanche",
        "36:amnesia",
        "40:highhorsepower",
        "40:icefang",
        "44:hammerarm",
        "45:iciclecrash",
        "48:bellydrum",
        "50:snowscape",
        "52:belch",
        "56:gigaimpact",
        "58:blizzard",
        "egg:belch",
        "egg:chipaway",
        "egg:counter",
        "egg:curse",
        "egg:doubleedge",
        "egg:fissure",
        "egg:lick",
        "egg:naturalgift",
        "egg:pursuit",
        "egg:whirlwind",
        "tm:afteryou",
        "tm:amnesia",
        "tm:blizzard",
        "tm:block",
        "tm:bodypress",
        "tm:bodyslam",
        "tm:brickbreak",
        "tm:bulldoze",
        "tm:charm",
        "tm:chillingwater",
        "tm:covet",
        "tm:crunch",
        "tm:curse",
        "tm:darkestlariat",
        "tm:dig",
        "tm:doubleedge",
        "tm:earthquake",
        "tm:encore",
        "tm:endure",
        "tm:facade",
        "tm:fireblast",
        "tm:firepunch",
        "tm:flamethrower",
        "tm:fling",
        "tm:focusblast",
        "tm:focuspunch",
        "tm:gastroacid",
        "tm:gigaimpact",
        "tm:gunkshot",
        "tm:hardpress",
        "tm:headbutt",
        "tm:heatcrash",
        "tm:heavyslam",
        "tm:helpinghand",
        "tm:highhorsepower",
        "tm:hyperbeam",
        "tm:hypervoice",
        "tm:iceball",
        "tm:icebeam",
        "tm:incinerate",
        "tm:ironhead",
        "tm:lastresort",
        "tm:megakick",
        "tm:megapunch",
        "tm:metronome",
        "tm:mudslap",
        "tm:naturalgift",
        "tm:outrage",
        "tm:payday",
        "tm:poweruppunch",
        "tm:protect",
        "tm:raindance",
        "tm:recycle",
        "tm:rest",
        "tm:retaliate",
        "tm:rockclimb",
        "tm:rockslide",
        "tm:rocksmash",
        "tm:rocktomb",
        "tm:rollout",
        "tm:sandstorm",
        "tm:screech",
        "tm:seedbomb",
        "tm:selfdestruct",
        "tm:shadowball",
        "tm:shockwave",
        "tm:sleeptalk",
        "tm:smackdown",
        "tm:snatch",
        "tm:snore",
        "tm:solarbeam",
        "tm:steelroller",
        "tm:stompingtantrum",
        "tm:strength",
        "tm:substitute",
        "tm:sunnyday",
        "tm:supercellslam",
        "tm:superpower",
        "tm:surf",
        "tm:takedown",
        "tm:terablast",
        "tm:terrainpulse",
        "tm:thunder",
        "tm:thunderbolt",
        "tm:thunderpunch",
        "tm:trailblaze",
        "tm:uproar",
        "tm:wildcharge",
        "tm:workup",
        "tm:zenheadbutt",
        "tutor:afteryou",
        "tutor:block",
        "tutor:bulldoze",
        "tutor:covet",
        "tutor:firepunch",
        "tutor:flamethrower",
        "tutor:focuspunch",
        "tutor:gastroacid",
        "tutor:gigaimpact",
        "tutor:gunkshot",
        "tutor:helpinghand",
        "tutor:highhorsepower",
        "tutor:hyperbeam",
        "tutor:hypervoice",
        "tutor:iceball",
        "tutor:icebeam",
        "tutor:icepunch",
        "tutor:icywind",
        "tutor:ironhead",
        "tutor:lastresort",
        "tutor:mudslap",
        "tutor:outrage",
        "tutor:recycle",
        "tutor:rest",
        "tutor:rockslide",
        "tutor:rocksmash",
        "tutor:rollout",
        "tutor:seedbomb",
        "tutor:shadowball",
        "tutor:shockwave",
        "tutor:sleeptalk",
        "tutor:snatch",
        "tutor:steelroller",
        "tutor:stompingtantrum",
        "tutor:superpower",
        "tutor:terrainpulse",
        "tutor:thunderbolt",
        "tutor:thunderpunch",
        "tutor:uproar",
        "tutor:wildcharge",
        "tutor:zenheadbutt",
        "legacy:attract",
        "legacy:bide",
        "legacy:bubblebeam",
        "legacy:captivate",
        "legacy:confide",
        "legacy:doubleteam",
        "legacy:dynamicpunch",
        "legacy:frustration",
        "legacy:harden",
        "legacy:hiddenpower",
        "legacy:hydropump",
        "legacy:mimic",
        "legacy:psychic",
        "legacy:psychup",
        "legacy:psywave",
        "legacy:rage",
        "legacy:reflect",
        "legacy:return",
        "legacy:round",
        "legacy:secretpower",
        "legacy:seismictoss",
        "legacy:skullbash",
        "legacy:submission",
        "legacy:swagger",
        "legacy:toxic",
        "legacy:watergun",
        "legacy:waterpulse",
        "legacy:whirlpool",
        "legacy:zapcannon",
        "special:celebrate",
        "special:happyhour",
        "special:holdback",
        "special:refresh"
      ]
    },
    {
      "name": "Snowman-Gmax",
      "primaryType": "normal",
      "secondaryType": "ice",
      "maleRatio": 0.875,
      "height": 350,
      "weight": 0,
      "pokedex": [
        "cobblemon.species.snorlax-snowman-gmax.desc"
      ],
      "labels": [
        "gen8",
        "gmax"
      ],
      "aspects": [
        "gmax",
        "snowman"
      ],
      "abilities": [
        "icebody",
        "thickfat",
        "h:furcoat"
      ],
      "moves": [
        "1:tackle",
        "1:defensecurl",
        "1:lick",
        "1:block",
        "1:recycle",
        "1:fling",
        "1:lastresort",
        "1:chipaway",
        "1:covet",
        "1:stockpile",
        "1:swallow",
        "1:screech",
        "1:metronome",
        "1:flail",
        "1:odorsleuth",
        "1:powdersnow",
        "1:sheercold",
        "12:yawn",
        "15:iceshard",
        "16:bite",
        "20:rest",
        "20:sleeptalk",
        "20:snore",
        "20:icepunch",
        "24:crunch",
        "25:icywind",
        "28:bodyslam",
        "30:frostbreath",
        "32:heavyslam",
        "35:avalanche",
        "36:amnesia",
        "40:highhorsepower",
        "40:icefang",
        "44:hammerarm",
        "45:iciclecrash",
        "48:bellydrum",
        "50:snowscape",
        "52:belch",
        "56:gigaimpact",
        "58:blizzard",
        "egg:belch",
        "egg:chipaway",
        "egg:counter",
        "egg:curse",
        "egg:doubleedge",
        "egg:fissure",
        "egg:lick",
        "egg:naturalgift",
        "egg:pursuit",
        "egg:whirlwind",
        "tm:afteryou",
        "tm:amnesia",
        "tm:blizzard",
        "tm:block",
        "tm:bodypress",
        "tm:bodyslam",
        "tm:brickbreak",
        "tm:bulldoze",
        "tm:charm",
        "tm:chillingwater",
        "tm:covet",
        "tm:crunch",
        "tm:curse",
        "tm:darkestlariat",
        "tm:dig",
        "tm:doubleedge",
        "tm:earthquake",
        "tm:encore",
        "tm:endure",
        "tm:facade",
        "tm:fireblast",
        "tm:firepunch",
        "tm:flamethrower",
        "tm:fling",
        "tm:focusblast",
        "tm:focuspunch",
        "tm:gastroacid",
        "tm:gigaimpact",
        "tm:gunkshot",
        "tm:hardpress",
        "tm:headbutt",
        "tm:heatcrash",
        "tm:heavyslam",
        "tm:helpinghand",
        "tm:highhorsepower",
        "tm:hyperbeam",
        "tm:hypervoice",
        "tm:iceball",
        "tm:icebeam",
        "tm:incinerate",
        "tm:ironhead",
        "tm:lastresort",
        "tm:megakick",
        "tm:megapunch",
        "tm:metronome",
        "tm:mudslap",
        "tm:naturalgift",
        "tm:outrage",
        "tm:payday",
        "tm:poweruppunch",
        "tm:protect",
        "tm:raindance",
        "tm:recycle",
        "tm:rest",
        "tm:retaliate",
        "tm:rockclimb",
        "tm:rockslide",
        "tm:rocksmash",
        "tm:rocktomb",
        "tm:rollout",
        "tm:sandstorm",
        "tm:screech",
        "tm:seedbomb",
        "tm:selfdestruct",
        "tm:shadowball",
        "tm:shockwave",
        "tm:sleeptalk",
        "tm:smackdown",
        "tm:snatch",
        "tm:snore",
        "tm:solarbeam",
        "tm:steelroller",
        "tm:stompingtantrum",
        "tm:strength",
        "tm:substitute",
        "tm:sunnyday",
        "tm:supercellslam",
        "tm:superpower",
        "tm:surf",
        "tm:takedown",
        "tm:terablast",
        "tm:terrainpulse",
        "tm:thunder",
        "tm:thunderbolt",
        "tm:thunderpunch",
        "tm:trailblaze",
        "tm:uproar",
        "tm:wildcharge",
        "tm:workup",
        "tm:zenheadbutt",
        "tutor:afteryou",
        "tutor:block",
        "tutor:bulldoze",
        "tutor:covet",
        "tutor:firepunch",
        "tutor:flamethrower",
        "tutor:focuspunch",
        "tutor:gastroacid",
        "tutor:gigaimpact",
        "tutor:gunkshot",
        "tutor:helpinghand",
        "tutor:highhorsepower",
        "tutor:hyperbeam",
        "tutor:hypervoice",
        "tutor:iceball",
        "tutor:icebeam",
        "tutor:icepunch",
        "tutor:icywind",
        "tutor:ironhead",
        "tutor:lastresort",
        "tutor:mudslap",
        "tutor:outrage",
        "tutor:recycle",
        "tutor:rest",
        "tutor:rockslide",
        "tutor:rocksmash",
        "tutor:rollout",
        "tutor:seedbomb",
        "tutor:shadowball",
        "tutor:shockwave",
        "tutor:sleeptalk",
        "tutor:snatch",
        "tutor:steelroller",
        "tutor:stompingtantrum",
        "tutor:superpower",
        "tutor:terrainpulse",
        "tutor:thunderbolt",
        "tutor:thunderpunch",
        "tutor:uproar",
        "tutor:wildcharge",
        "tutor:zenheadbutt",
        "legacy:attract",
        "legacy:bide",
        "legacy:bubblebeam",
        "legacy:captivate",
        "legacy:confide",
        "legacy:doubleteam",
        "legacy:dynamicpunch",
        "legacy:frustration",
        "legacy:harden",
        "legacy:hiddenpower",
        "legacy:hydropump",
        "legacy:mimic",
        "legacy:psychic",
        "legacy:psychup",
        "legacy:psywave",
        "legacy:rage",
        "legacy:reflect",
        "legacy:return",
        "legacy:round",
        "legacy:secretpower",
        "legacy:seismictoss",
        "legacy:skullbash",
        "legacy:submission",
        "legacy:swagger",
        "legacy:toxic",
        "legacy:watergun",
        "legacy:waterpulse",
        "legacy:whirlpool",
        "legacy:zapcannon",
        "special:celebrate",
        "special:happyhour",
        "special:holdback",
        "special:refresh"
      ],
      "dynamaxBlocked": true,
      "evolutions": [],
      "battleOnly": true
    }
  ]
}