{
  "target": "cobblemon:munchlax",
  "forms": [
    {
      "name": "Snowman",
      "aspects": ["snowman"],
      "pokedex": ["cobblemon.species.munchlax-snowman.desc"],
      "primaryType": "normal",
      "secondaryType": "ice",
      "abilities": [
        "icebody",
        "thickfat",
        "h:hustle"
      ],
      "moves": [
        "1:odorsleuth",
        "1:tackle",
        "1:lick",
        "1:powdersnow",
        "1:sheercold",
        "4:defensecurl",
        "8:recycle",
        "12:covet",
        "15:iceshard",
        "16:bite",
        "20:stockpile",
        "20:swallow",
        "20:icepunch",
        "24:screech",
        "25:icywind",
        "28:bodyslam",
        "30:frostbreath",
        "32:fling",
        "35:avalanche",
        "36:amnesia",
        "40:icefang",
        "40:metronome",
        "44:flail",
        "45:iciclecrash",
        "48:bellydrum",
        "50:snowscape",
        "52:lastresort",
        "58:blizzard",
        "egg:belch",
        "egg:chipaway",
        "egg:counter",
        "egg:curse",
        "egg:doubleedge",
        "egg:fissure",
        "egg:naturalgift",
        "egg:pursuit",
        "egg:whirlwind",
        "tm:afteryou",
        "tm:amnesia",
        "tm:bodyslam",
        "tm:brickbreak",
        "tm:bulldoze",
        "tm:charm",
        "tm:chillingwater",
        "tm:covet",
        "tm:crunch",
        "tm:curse",
        "tm:dig",
        "tm:doubleedge",
        "tm:earthquake",
        "tm:encore",
        "tm:endure",
        "tm:facade",
        "tm:fireblast",
        "tm:firepunch",
        "tm:flamethrower",
        "tm:fling",
        "tm:focuspunch",
        "tm:gigaimpact",
        "tm:gunkshot",
        "tm:headbutt",
        "tm:helpinghand",
        "tm:hypervoice",
        "tm:icebeam",
        "tm:incinerate",
        "tm:lastresort",
        "tm:megakick",
        "tm:megapunch",
        "tm:metronome",
        "tm:mudslap",
        "tm:naturalgift",
        "tm:payday",
        "tm:poweruppunch",
        "tm:protect",
        "tm:raindance",
        "tm:recycle",
        "tm:rest",
        "tm:retaliate",
        "tm:rockclimb",
        "tm:rockslide",
        "tm:rocksmash",
        "tm:rocktomb",
        "tm:rollout",
        "tm:sandstorm",
        "tm:screech",
        "tm:seedbomb",
        "tm:selfdestruct",
        "tm:shadowball",
        "tm:shockwave",
        "tm:sleeptalk",
        "tm:snatch",
        "tm:solarbeam",
        "tm:stompingtantrum",
        "tm:strength",
        "tm:substitute",
        "tm:sunnyday",
        "tm:superpower",
        "tm:surf",
        "tm:takedown",
        "tm:terablast",
        "tm:thunder",
        "tm:thunderbolt",
        "tm:thunderpunch",
        "tm:trailblaze",
        "tm:uproar",
        "tm:workup",
        "tm:zenheadbutt",
        "tutor:afteryou",
        "tutor:bulldoze",
        "tutor:covet",
        "tutor:firepunch",
        "tutor:flamethrower",
        "tutor:focuspunch",
        "tutor:gigaimpact",
        "tutor:gunkshot",
        "tutor:helpinghand",
        "tutor:hypervoice",
        "tutor:icebeam",
        "tutor:icepunch",
        "tutor:icywind",
        "tutor:lastresort",
        "tutor:mudslap",
        "tutor:recycle",
        "tutor:rest",
        "tutor:rockslide",
        "tutor:rocksmash",
        "tutor:rollout",
        "tutor:seedbomb",
        "tutor:shadowball",
        "tutor:shockwave",
        "tutor:sleeptalk",
        "tutor:snatch",
        "tutor:stompingtantrum",
        "tutor:superpower",
        "tutor:thunderbolt",
        "tutor:thunderpunch",
        "tutor:uproar",
        "tutor:zenheadbutt",
        "legacy:attract",
        "legacy:captivate",
        "legacy:confide",
        "legacy:doubleteam",
        "legacy:frustration",
        "legacy:hiddenpower",
        "legacy:hydropump",
        "legacy:psychic",
        "legacy:return",
        "legacy:round",
        "legacy:secretpower",
        "legacy:snore",
        "legacy:swagger",
        "legacy:toxic",
        "legacy:waterpulse",
        "legacy:whirlpool",
        "special:happyhour",
        "special:holdback"
      ],
      "evolutions": [
        {
          "id": "munchlaxsnowman_snorlax",
          "variant": "level_up",
          "result": "snorlax snowman=true",
          "consumeHeldItem": false,
          "learnableMoves": [],
          "requirements": [
            {
              "variant": "friendship",
              "amount": 160
            }
          ]
        }
      ]
    }
  ]
}