{
	"format_version": "1.12.0",
	"minecraft:geometry": [
		{
			"description": {
				"identifier": "geometry.cook",
				"texture_width": 128,
				"texture_height": 128,
				"visible_bounds_width": 3,
				"visible_bounds_height": 3.5,
				"visible_bounds_offset": [0, 1.25, 0]
			},
			"bones": [
				{
					"name": "cook",
					"pivot": [0, 0, 0]
				},
				{
					"name": "body",
					"parent": "cook",
					"pivot": [0, 8, 0],
					"cubes": [
						{"origin": [-4, 12, -2], "size": [8, 12, 4], "inflate": 0.28, "uv": [16, 32]},
						{"origin": [-4, 12, 2], "size": [8, 12, 0], "inflate": 0.28, "uv": [112, 36]},
						{"origin": [-4, 12, -2], "size": [8, 12, 4], "uv": [16, 16]},
						{"origin": [-4, 12, -2], "size": [8, 12, 4], "inflate": 0.24, "uv": [80, 32]}
					]
				},
				{
					"name": "bag",
					"parent": "body",
					"pivot": [-1, 19.75, 2.25],
					"rotation": [0, 0, -37.5],
					"cubes": [
						{"origin": [-5, 13, 2.25], "size": [8, 8, 8], "uv": [64, 112]},
						{"origin": [-4, 21, 3.25], "size": [6, 3, 6], "uv": [72, 102]}
					]
				},
				{
					"name": "head",
					"parent": "body",
					"pivot": [0, 24, 0],
					"cubes": [
						{"origin": [-4, 24, -4], "size": [8, 8, 8], "inflate": 0.5, "uv": [32, 0]},
						{"origin": [-4, 24, -4], "size": [8, 8, 8], "uv": [0, 0]}
					]
				},
				{
					"name": "arm_right",
					"parent": "body",
					"pivot": [-5, 22, 0],
					"cubes": [
						{"origin": [-8, 12, -2], "size": [4, 12, 4], "inflate": 0.25, "uv": [40, 32]},
						{"origin": [-8, 12, -2], "size": [4, 12, 4], "uv": [40, 16]},
						{"origin": [-7, 12, -2], "size": [3, 12, 4], "uv": [24, 64]},
						{"origin": [-7, 12, -2], "size": [3, 12, 4], "inflate": 0.25, "uv": [24, 80]}
					]
				},
				{
					"name": "arm_left",
					"parent": "body",
					"pivot": [5, 22, 0],
					"cubes": [
						{"origin": [4, 12, -2], "size": [4, 12, 4], "inflate": 0.25, "uv": [38, 64]},
						{"origin": [4, 12, -2], "size": [3, 12, 4], "uv": [38, 64]},
						{"origin": [4, 12, -2], "size": [3, 12, 4], "inflate": 0.25, "uv": [38, 80]},
						{"origin": [4, 12, -2], "size": [4, 12, 4], "uv": [32, 48]}
					]
				},
				{
					"name": "leg_left",
					"parent": "cook",
					"pivot": [2, 12, 0],
					"cubes": [
						{"origin": [0, 0, -2], "size": [4, 12, 4], "inflate": 0.25, "uv": [0, 48]},
						{"origin": [0, 0, -2], "size": [4, 12, 4], "uv": [16, 48]}
					]
				},
				{
					"name": "leg_right",
					"parent": "cook",
					"pivot": [-2, 12, 0],
					"cubes": [
						{"origin": [-4, 0, -2], "size": [4, 12, 4], "inflate": 0.25, "uv": [0, 32]},
						{"origin": [-4, 0, -2], "size": [4, 12, 4], "uv": [0, 16]}
					]
				}
			]
		}
	]
}