{
	"format_version": "1.12.0",
	"minecraft:geometry": [
		{
			"description": {
				"identifier": "geometry.monster_hunter",
				"texture_width": 128,
				"texture_height": 128,
				"visible_bounds_width": 3,
				"visible_bounds_height": 3.5,
				"visible_bounds_offset": [0, 1.25, 0]
			},
			"bones": [
				{
					"name": "monster_hunter",
					"pivot": [0, 0, 0]
				},
				{
					"name": "body",
					"parent": "monster_hunter",
					"pivot": [0, 9, 0],
					"cubes": [
						{"origin": [-6, 9, -4], "size": [12, 7, 8], "inflate": 0.01, "uv": [52, 0]}
					]
				},
				{
					"name": "chest",
					"parent": "body",
					"pivot": [0, 16, 0],
					"cubes": [
						{"origin": [-8, 16, -5], "size": [16, 10, 10], "uv": [0, 0]}
					]
				},
				{
					"name": "head",
					"parent": "chest",
					"pivot": [0, 26, -1],
					"cubes": [
						{"origin": [-4, 26, -5], "size": [8, 9, 8], "inflate": 0.01, "uv": [0, 20]},
						{"origin": [4, 30, -2], "size": [3, 8, 3], "uv": [12, 68]},
						{"origin": [-7, 30, -2], "size": [3, 8, 3], "uv": [0, 68]}
					]
				},
				{
					"name": "arm_right",
					"parent": "chest",
					"pivot": [-8, 23, 0.5],
					"cubes": [
						{"origin": [-13, 7, -2], "size": [5, 19, 5], "uv": [32, 20]}
					]
				},
				{
					"name": "arm_left",
					"parent": "chest",
					"pivot": [8, 23, 0.5],
					"cubes": [
						{"origin": [8, 7, -2], "size": [5, 19, 5], "uv": [0, 44]}
					]
				},
				{
					"name": "leg_right",
					"parent": "monster_hunter",
					"pivot": [-3.5, 9, 0.5],
					"cubes": [
						{"origin": [-6, 0, -2], "size": [5, 9, 5], "uv": [40, 44]}
					]
				},
				{
					"name": "leg_left",
					"parent": "monster_hunter",
					"pivot": [3.5, 9, 0.5],
					"cubes": [
						{"origin": [1, 0, -2], "size": [5, 9, 5], "uv": [20, 44]}
					]
				}
			]
		}
	]
}