{
	"format_version": "1.12.0",
	"minecraft:geometry": [
		{
			"description": {
				"identifier": "geometry.shell_game",
				"texture_width": 32,
				"texture_height": 32,
				"visible_bounds_width": 4,
				"visible_bounds_height": 2.5,
				"visible_bounds_offset": [0, 0.75, 0]
			},
			"bones": [
				{
					"name": "treasure",
					"pivot": [16, 0, 0],
					"cubes": [
						{"origin": [14, 0, -2], "size": [4, 4, 4], "inflate": -0.01, "uv": [0, 16]}
					]
				},
				{
					"name": "one",
					"pivot": [0, 0, 0],
					"cubes": [
						{"origin": [-4, 0, -4], "size": [8, 8, 8], "uv": [0, 0]}
					]
				},
				{
					"name": "two",
					"pivot": [16, 0, 0],
					"cubes": [
						{"origin": [12, 0, -4], "size": [8, 8, 8], "uv": [0, 0]}
					]
				},
				{
					"name": "three",
					"pivot": [-16, 0, 0],
					"cubes": [
						{"origin": [-20, 0, -4], "size": [8, 8, 8], "uv": [0, 0]}
					]
				}
			]
		}
	]
}