{
  "portraitScale": 1.15,
  "portraitTranslation": [-1.16, 2.75, 0.0],
  "profileScale": 0.33,
  "profileTranslation": [0.02, 1.31, 0.0],
  "rootBone": "tyranitar",
  "animations": {
    "cry": "q.bedrock_stateful('blacktyranitar', 'cry')",
    "physical": "q.bedrock_primary('blacktyranitar', 'physical', q.curve('symmetrical_wide'))",
    "special": "q.bedrock_primary('blacktyranitar', 'special', q.curve('symmetrical_wide'))"
  },
  "poses": {
    "portrait": {
      "poseTypes": ["PORTRAIT"],
      "isBattle": false,
      "animations": ["q.bedrock('blacktyranitar', 'mouth_open')"]
    },
    "profile": {
      "poseTypes": ["PROFILE"],
      "isBattle": false,
      "isTouchingWater": false,
      "animations": ["q.bedrock('blacktyranitar', 'ground_idle')"]
    },
	"battle-idle": {
      "poseName": "battle-idle",
      "poseTypes": ["STAND"],
      "isBattle": true,
      "animations": [
        "q.look('head')", 
		"q.bedrock('blacktyranitar', 'ground_idle')"
      ],
    "quirks": [
        "q.bedrock_quirk('blacktyranitar', 'blink')"
      ]
    },
    "standing": {
      "poseName": "standing",
      "poseTypes": ["STAND", "FLOAT", "NONE"],
      "isBattle": false,
      "animations": [
        "q.look('head')", 
		"q.bedrock('blacktyranitar', 'ground_idle')"
      ],
	    "quirks": [
        "q.bedrock_quirk('blacktyranitar', 'blink')"
      ]
    },
    "walking": {
      "poseName": "walking",
      "poseTypes": ["WALK"],
      "animations": [
        "q.bedrock('blacktyranitar', 'ground_walk')"
      ]
    }
  }
}