{
  "implemented": true,
  "nationalPokedexNumber": 1066,
  "name": "MT",
  "primaryType": "steel",
  "maleRatio": -1,
  "height": 15,
  "weight": 610,
  "pokedex": [
    "cobblemon.species.mt.desc"
  ],
  "labels": [
    "gen5",
    "powerhouse",
    "legendary"
  ],
  "aspects": [],
  "abilities": [
    "analytic",
    "h:analytic"
  ],
  "eggGroups": [
    "undiscovered"
  ],
  "baseStats": {
    "hp": 100,
    "attack": 100,
    "defence": 100,
    "special_attack": 100,
    "special_defence": 100,
    "speed": 100
  },
  "evYield": {
    "hp": 0,
    "attack": 3,
    "defence": 0,
    "special_attack": 0,
    "special_defence": 0,
    "speed": 0
  },
  "baseExperienceYield": 300,
  "experienceGroup": "slow",
  "catchRate": 30,
  "eggCycles": 120,
  "baseFriendship": 35,
  "baseScale": 0.71,
  "hitbox": {
    "width": 2.1,
    "height": 4.20,
    "fixed": false
  },
  "behaviour": {
    "fireImmune": true,
    "moving": {
      "walk": {
        "walkSpeed": 0.22
      },
      "swim": {
        "avoidsWater": true
      },
      "resting": {
        "canSleep": false
      }
    },
    "combat": {
      "willDefendSelf": true,
      "willDefendOwner": true,
      "willFlee": false
    }
  },
  "moves": [
    "1:thunderfang",
    "1:icefang",
    "1:firefang",
    "1:metalclaw",
    "1:irondefense",
    "1:honeclaws",
    "9:metalsound",
    "12:scaryface",
    "15:screech",
    "18:smackdown",
    "21:irontail",
    "24:flamethrower",
    "27:discharge",
    "33:flashcannon",
    "37:lockon",
    "42:metalburst",
    "47:zapcannon",
    "52:heavyslam",
    "56:earthquake",
    "59:ironhead",  
    "60:spark",
    "63:surf",
    "tm:ancientpower",
    "tm:assurance",
    "tm:avalanche",
    "tm:blizzard",
    "tm:block",
    "tm:bodypress",
    "tm:bodyslam",
    "tm:breakingswipe",
    "tm:brickbreak",
    "tm:brutalswing",
    "tm:bulldoze",
    "tm:curse",
    "tm:doubleedge",
    "tm:dragonclaw",
    "tm:dragondance",
    "tm:dragonpulse",
    "tm:dragontail",
    "tm:earthpower",
    "tm:earthquake",
    "tm:endure",
    "tm:facade",
    "tm:fireblast",
    "tm:firepunch",
    "tm:fling",
    "tm:focusblast",
    "tm:focusenergy",
    "tm:focuspunch",
    "tm:foulplay",
    "tm:furycutter",
    "tm:gigaimpact",
    "tm:hardpress",
    "tm:headbutt",
    "tm:helpinghand",
    "tm:highhorsepower",
    "tm:hydropump",
    "tm:hyperbeam",
    "tm:icebeam",
    "tm:icepunch",
    "tm:icywind",
    "tm:incinerate",
    "tm:irondefense",
    "tm:knockoff",
    "tm:lashout",
    "tm:lowkick",
    "tm:megakick",
    "tm:megapunch",
    "tm:muddywater",
    "tm:mudshot",
    "tm:mudslap",
    "tm:outrage",
    "tm:powergem",
    "tm:poweruppunch",
    "tm:protect",
    "tm:raindance",
    "tm:rest",
    "tm:retaliate",
    "tm:revenge",
    "tm:roar",
    "tm:rockblast",
    "tm:rockclimb",
    "tm:rockpolish",
    "tm:rockslide",
    "tm:rocksmash",
    "tm:rocktomb",
    "tm:sandstorm",
    "tm:sandtomb",
    "tm:scaryface",
    "tm:screech",
    "tm:shadowclaw",
    "tm:shockwave",
    "tm:sleeptalk",
    "tm:smackdown",
    "tm:snarl",
    "tm:spite",
    "tm:stealthrock",
    "tm:strength",
    "tm:substitute",
    "tm:sunnyday",
    "tm:superpower",
    "tm:takedown",
    "tm:taunt",
    "tm:terablast",
    "tm:thunder",
    "tm:thunderpunch",
    "tm:torment",
    "tutor:ancientpower",
    "tutor:block",
    "tutor:bulldoze",
    "tutor:darkpulse",
    "tutor:dragonpulse",
    "tutor:earthpower",
    "tutor:firepunch",
    "tutor:flamethrower",
    "tutor:focusenergy",
    "tutor:focuspunch",
    "tutor:helpinghand",
    "tutor:highhorsepower",
    "tutor:hyperbeam",
    "tutor:icebeam",
    "tutor:icepunch",
    "tutor:icywind",
    "tutor:knockoff",
    "tutor:lashout",
    "tutor:lowkick",
    "tutor:mudslap",
    "tutor:outrage",
    "tutor:rest",
    "tutor:rockslide",
    "tutor:rocksmash",
    "tutor:shadowclaw",
    "tutor:shockwave",
    "tutor:sleeptalk",
    "tutor:snarl",
    "tutor:spite",
    "tutor:stealthrock",
    "tutor:stompingtantrum",
    "tutor:stoneedge",
    "tutor:superpower"
  ],
  "riding": {
    "behaviours": {
      "LAND": {
        "key": "cobblemon:land/horse",
        "rideSounds": [],
        "stats": {
          "ACCELERATION": "50-75",
          "JUMP": "10-25",
          "SKILL": "35-55",
          "SPEED": "20-40",
          "STAMINA": "125-150"
        }
      }
    },
    "seats": [
      {
        "offset": {
          "x": 0.0,
          "y": 0.0,
          "z": 0.0
        }
      }
    ]
  }
}