{
	"format_version": "1.12.0",
	"minecraft:geometry": [
		{
			"description": {
				"identifier": "geometry.steelix_female",
				"texture_width": 512,
				"texture_height": 256,
				"visible_bounds_width": 26,
				"visible_bounds_height": 8.5,
				"visible_bounds_offset": [0, 3.75, 0]
			},
			"bones": [
				{
					"name": "steelix",
					"pivot": [0, 0, 0]
				},
				{
					"name": "locator_root",
					"parent": "steelix",
					"pivot": [0, 0, 0],
					"locators": {
						"root": [0, 0, 1]
					}
				},
				{
					"name": "locator_top",
					"parent": "steelix",
					"pivot": [0, 119, -1],
					"locators": {
						"top": [0, 119, -1]
					}
				},
				{
					"name": "body",
					"parent": "steelix",
					"pivot": [0, 8, 53.5]
				},
				{
					"name": "locator_target",
					"parent": "body",
					"pivot": [0, -23, 24],
					"locators": {
						"target": [0, -23, 24]
					}
				},
				{
					"name": "locator_middle",
					"parent": "body",
					"pivot": [0, -23, 47],
					"locators": {
						"middle": [0, -23, 47]
					}
				},
				{
					"name": "head",
					"parent": "body",
					"pivot": [0, 8.5, 28.65]
				},
				{
					"name": "head_ai",
					"parent": "head",
					"pivot": [0, 8.5, 28.65]
				},
				{
					"name": "head_rotation",
					"parent": "head_ai",
					"pivot": [0, 8.5, 28.65],
					"rotation": [0, 180, 0],
					"cubes": [
						{"origin": [-20, 0, 31.05], "size": [40, 16, 31], "inflate": 0.25, "uv": [142, 89]},
						{"origin": [-20, 0, 31.8], "size": [40, 16, 31], "inflate": 0.01, "uv": [142, 42]},
						{"origin": [-13, 1.5, 26.3], "size": [26, 22, 5], "inflate": 0.01, "uv": [258, 0]},
						{"origin": [-27, 7.5, 32.3], "size": [54, 12, 30], "uv": [0, 0]},
						{"origin": [-38, 11.5, 32.8], "size": [12, 6, 14], "uv": [317, 35]},
						{"origin": [26, 11.5, 32.8], "size": [12, 6, 14], "uv": [253, 53]}
					]
				},
				{
					"name": "locator_head",
					"parent": "head_rotation",
					"pivot": [0, 31.25, 66.9],
					"rotation": [-90, 0, 0],
					"locators": {
						"head": [0, 31.25, 66.9]
					}
				},
				{
					"name": "locator_face",
					"parent": "head_rotation",
					"pivot": [0, 22, 86.75],
					"locators": {
						"face": [0, 22, 86.75]
					}
				},
				{
					"name": "locator_item_face",
					"parent": "head_rotation",
					"pivot": [0, 23.75, 77.55],
					"locators": {
						"item_face": [0, 23.75, 77.55]
					}
				},
				{
					"name": "locator_item_hat",
					"parent": "head_rotation",
					"pivot": [0, 31.25, 66.9],
					"locators": {
						"item_hat": [0, 31.25, 66.9]
					}
				},
				{
					"name": "locator_seat_1",
					"parent": "head_rotation",
					"pivot": [0, 33.5, 55.8],
					"rotation": [-90, 0, 0],
					"locators": {
						"seat_1": [0, 33.5, 55.8]
					}
				},
				{
					"name": "locator_seat_2",
					"parent": "head_rotation",
					"pivot": [0, 33.5, 43.8],
					"rotation": [-90, 0, 0],
					"locators": {
						"seat_2": [0, 33.5, 43.8]
					}
				},
				{
					"name": "horns_bottom",
					"parent": "head_rotation",
					"pivot": [-12, -3.2, 39.35],
					"cubes": [
						{"origin": [-18.8, -4.4, 35.25], "size": [10, 6, 10], "pivot": [-14, -3.2, 39.35], "rotation": [-5, 0, 7.5], "uv": [284, 73]},
						{"origin": [8.8, -4.4, 35.25], "size": [10, 6, 10], "pivot": [14, -3.2, 39.35], "rotation": [-5, 0, -7.5], "uv": [421, 49]},
						{"origin": [5.8, -4, 51.75], "size": [10, 6, 10], "pivot": [11, -2.5, 53.65], "rotation": [5, 0, -7.5], "uv": [423, 33]},
						{"origin": [-15.8, -4, 51.75], "size": [10, 6, 10], "pivot": [-11, -2.5, 53.65], "rotation": [5, 0, 7.5], "uv": [284, 191]}
					]
				},
				{
					"name": "horns_top",
					"parent": "head_rotation",
					"pivot": [0, 34.5, 36.15]
				},
				{
					"name": "jaw_top",
					"parent": "head_rotation",
					"pivot": [0, 17.05, 48.97],
					"cubes": [
						{"origin": [-13.5, 19, 63], "size": [27, 12, 14], "uv": [327, 76]},
						{"origin": [-13.5, 18, 77], "size": [27, 1, 0], "uv": [168, 40]},
						{"origin": [-13.5, 8, 63], "size": [0, 11, 14], "uv": [439, 104]},
						{"origin": [13.5, 8, 63], "size": [0, 11, 14], "uv": [410, 104]},
						{"origin": [-8, 15, 76], "size": [16, 4, 0], "uv": [438, 107]},
						{"origin": [-20, 10, 31.8], "size": [40, 23, 31], "inflate": 0.02, "uv": [0, 42]},
						{"origin": [-20, 10, 31.8], "size": [40, 23, 31], "inflate": 0.26, "uv": [0, 96]},
						{"origin": [-17, 32.5, 32], "size": [9, 5, 10], "pivot": [-12, 26.5, 36.15], "rotation": [5, 0, 0], "uv": [305, 55]},
						{"origin": [8, 32.5, 32], "size": [9, 5, 10], "pivot": [12, 26.5, 36.15], "rotation": [5, 0, 0], "uv": [343, 55]}
					]
				},
				{
					"name": "locator_jaw_upper",
					"parent": "jaw_top",
					"pivot": [0, 19, 76],
					"locators": {
						"jaw1": [0, 19, 76]
					}
				},
				{
					"name": "locator_mouth",
					"parent": "jaw_top",
					"pivot": [0, 18, 62.75],
					"locators": {
						"mouth": [0, 18, 62.75],
						"special": [0, 18, 62.75]
					}
				},
				{
					"name": "face_ditto",
					"parent": "jaw_top",
					"pivot": [0, 25, 70]
				},
				{
					"name": "eye_ditto_right",
					"parent": "face_ditto",
					"pivot": [9.4, 24.5, 70.4],
					"cubes": [
						{"origin": [5.4, 21, 63.9], "size": [8, 7, 13], "inflate": 0.01, "uv": [319, 148]}
					]
				},
				{
					"name": "eyelid_ditto_right",
					"parent": "eye_ditto_right",
					"pivot": [10.5, 23, 76.81],
					"cubes": [
						{"origin": [9, 22, 76.81], "size": [3, 2, 0], "uv": [349, 158]}
					]
				},
				{
					"name": "eye_ditto_left",
					"parent": "face_ditto",
					"pivot": [-9.4, 24.5, 70.4],
					"cubes": [
						{"origin": [-13.4, 21, 63.9], "size": [8, 7, 13], "inflate": 0.01, "uv": [362, 148], "mirror": true}
					]
				},
				{
					"name": "eyelid_ditto_left",
					"parent": "eye_ditto_left",
					"pivot": [-10.5, 23, 76.81],
					"cubes": [
						{"origin": [-12, 22, 76.81], "size": [3, 2, 0], "uv": [356, 158], "mirror": true}
					]
				},
				{
					"name": "brow",
					"parent": "jaw_top",
					"pivot": [0, 25, 70],
					"cubes": [
						{"origin": [-13.5, 19, 63], "size": [27, 12, 14], "inflate": 0.25, "uv": [327, 103]}
					]
				},
				{
					"name": "eyes",
					"parent": "jaw_top",
					"pivot": [0, 0, 1.2]
				},
				{
					"name": "eye_left",
					"parent": "eyes",
					"pivot": [1, 0, 1.2]
				},
				{
					"name": "iris_left",
					"parent": "eye_left",
					"pivot": [-9, 22.7, 76.665],
					"cubes": [
						{"origin": [-11.5, 22, 76], "size": [4, 4, 1], "inflate": 0.01, "uv": [407, 111]}
					]
				},
				{
					"name": "pupil_left",
					"parent": "iris_left",
					"pivot": [-9, 24, 76.5],
					"cubes": [
						{"origin": [-10, 22, 76], "size": [2, 4, 1], "inflate": 0.02, "uv": [403, 105]}
					]
				},
				{
					"name": "locator_eye_left",
					"parent": "pupil_left",
					"pivot": [-9, 24, 76.5],
					"locators": {
						"eye2": [-9, 24, 76.5]
					}
				},
				{
					"name": "eyelid_left",
					"parent": "eye_left",
					"pivot": [-8.9, 24, 74.9],
					"cubes": [
						{"origin": [-13.4, 22, 72.9], "size": [9, 4, 4], "inflate": 0.04, "uv": [328, 139]}
					]
				},
				{
					"name": "eyelid_recoil_left",
					"parent": "eye_left",
					"pivot": [-8.9, 24, 74.9],
					"cubes": [
						{"origin": [-13.4, 22, 72.9], "size": [9, 4, 4], "inflate": 0.04, "uv": [355, 139]}
					]
				},
				{
					"name": "eyelid_angry_left",
					"parent": "eye_left",
					"pivot": [-9.03, 24, 75.03],
					"cubes": [
						{"origin": [-13.5, 22, 73], "size": [8, 4, 4], "inflate": 0.04, "uv": [382, 139]}
					]
				},
				{
					"name": "eye_right",
					"parent": "eyes",
					"pivot": [-1, 0, 1.2]
				},
				{
					"name": "iris_right",
					"parent": "eye_right",
					"pivot": [9, 22.7, 76.665],
					"cubes": [
						{"origin": [7.5, 22, 76], "size": [4, 4, 1], "inflate": 0.01, "uv": [396, 111]}
					]
				},
				{
					"name": "pupil_right",
					"parent": "iris_right",
					"pivot": [9, 24, 76.5],
					"cubes": [
						{"origin": [8, 22, 76], "size": [2, 4, 1], "inflate": 0.02, "uv": [396, 105]}
					]
				},
				{
					"name": "locator_eye_right",
					"parent": "pupil_right",
					"pivot": [9, 24, 76.5],
					"locators": {
						"eye1": [9, 24, 76.5]
					}
				},
				{
					"name": "eyelid_right",
					"parent": "eye_right",
					"pivot": [8.9, 24, 74.9],
					"cubes": [
						{"origin": [4.4, 22, 72.9], "size": [9, 4, 4], "inflate": 0.04, "uv": [328, 130]}
					]
				},
				{
					"name": "eyelid_recoil_right",
					"parent": "eye_right",
					"pivot": [8.9, 24, 74.9],
					"cubes": [
						{"origin": [4.4, 22, 72.9], "size": [9, 4, 4], "inflate": 0.04, "uv": [355, 130]}
					]
				},
				{
					"name": "eyelid_angry_right",
					"parent": "eye_right",
					"pivot": [9.03, 24, 75.03],
					"cubes": [
						{"origin": [5.5, 22, 73], "size": [8, 4, 4], "inflate": 0.04, "uv": [382, 130]}
					]
				},
				{
					"name": "face_bottom",
					"parent": "head_rotation",
					"pivot": [0, 16.5, 56.65],
					"cubes": [
						{"origin": [-13, 17, 76], "size": [26, 4, 0], "uv": [418, 112]},
						{"origin": [-24, 8, 59.8], "size": [48, 9, 20], "uv": [0, 150]},
						{"origin": [-16, 8, 79.8], "size": [32, 9, 7], "uv": [168, 24]},
						{"origin": [-13, 3, 59.8], "size": [26, 5, 19], "uv": [168, 0]}
					]
				},
				{
					"name": "locator_jaw_lower",
					"parent": "face_bottom",
					"pivot": [0, 17, 76],
					"locators": {
						"jaw2": [0, 17, 76]
					}
				},
				{
					"name": "locator_item",
					"parent": "face_bottom",
					"pivot": [0, 17, 76],
					"locators": {
						"item": [0, 17, 76]
					}
				},
				{
					"name": "outer_teeth",
					"parent": "face_bottom",
					"pivot": [0.5, 17, 70.5]
				},
				{
					"name": "outer_teeth_left",
					"parent": "outer_teeth",
					"pivot": [-14, 17, 70.5],
					"cubes": [
						{"origin": [-18.25, 17, 76.5], "size": [2, 7, 7], "pivot": [-17.25, 17, 76.5], "rotation": [-45, 67.5, 0.00001], "uv": [246, 136]}
					]
				},
				{
					"name": "outer_teeth_right",
					"parent": "outer_teeth",
					"pivot": [14, 17, 70.5],
					"cubes": [
						{"origin": [16.25, 17, 76.5], "size": [2, 7, 7], "pivot": [17.25, 17, 76.5], "rotation": [-45, -67.5, -0.00001], "uv": [194, 192]}
					]
				},
				{
					"name": "segment",
					"parent": "body",
					"pivot": [0, 12.5, 31]
				},
				{
					"name": "boulder1",
					"parent": "segment",
					"pivot": [0, 12, 44],
					"cubes": [
						{"origin": [-13.5, -1.5, 31], "size": [27, 27, 26], "uv": [0, 179]}
					]
				},
				{
					"name": "segment2",
					"parent": "segment",
					"pivot": [0, 13, 57]
				},
				{
					"name": "boulder2",
					"parent": "segment2",
					"pivot": [0, 13.1, 71],
					"cubes": [
						{"origin": [-14.5, -1, 57], "size": [29, 28, 28], "uv": [142, 136]}
					]
				},
				{
					"name": "boulder_spikes",
					"parent": "boulder2",
					"pivot": [0, 15.125, 71]
				},
				{
					"name": "shoulder_spike_left",
					"parent": "boulder_spikes",
					"pivot": [14.25, 15.125, 71],
					"cubes": [
						{"origin": [14.5, 8.5, 64.5], "size": [19, 13, 13], "uv": [256, 165]},
						{"origin": [27, 11.75, 67.5], "size": [23, 7, 7], "uv": [111, 56]}
					]
				},
				{
					"name": "shoulder_spike_right",
					"parent": "boulder_spikes",
					"pivot": [-14.25, 15.125, 71],
					"cubes": [
						{"origin": [-33.5, 8.5, 64.5], "size": [19, 13, 13], "uv": [253, 27]},
						{"origin": [-50, 11.75, 67.5], "size": [23, 7, 7], "uv": [111, 42]}
					]
				},
				{
					"name": "segment3",
					"parent": "segment2",
					"pivot": [0, 14, 85]
				},
				{
					"name": "boulder3",
					"parent": "segment3",
					"pivot": [0, 14, 95.5],
					"cubes": [
						{"origin": [-11, 2.5, 85], "size": [22, 23, 21], "uv": [198, 192]}
					]
				},
				{
					"name": "segment4",
					"parent": "segment3",
					"pivot": [0, 14, 104.05]
				},
				{
					"name": "boulder4",
					"parent": "segment4",
					"pivot": [0, 15.5, 118.8],
					"cubes": [
						{"origin": [-12, 3, 104], "size": [24, 22, 22], "uv": [106, 192]}
					]
				},
				{
					"name": "boulder_spikes2",
					"parent": "boulder4",
					"pivot": [0, 17, 117]
				},
				{
					"name": "boulder_spike_left",
					"parent": "boulder_spikes2",
					"pivot": [10.25, 15.125, 115.8],
					"cubes": [
						{"origin": [10.5, 9.5, 110.8], "size": [15, 11, 10], "uv": [50, 232]},
						{"origin": [24.5, 12.25, 112.8], "size": [12, 6, 6], "uv": [111, 108]}
					]
				},
				{
					"name": "boulder_spike_right",
					"parent": "boulder_spikes2",
					"pivot": [-10.25, 15.125, 115.8],
					"cubes": [
						{"origin": [-25.5, 9.5, 110.8], "size": [15, 11, 10], "uv": [0, 232]},
						{"origin": [-36.5, 12.25, 112.8], "size": [12, 6, 6], "uv": [111, 96]}
					]
				},
				{
					"name": "segment5",
					"parent": "segment4",
					"pivot": [0, 14, 126.15]
				},
				{
					"name": "boulder5",
					"parent": "segment5",
					"pivot": [0, 14, 135],
					"cubes": [
						{"origin": [-9, 5.5, 126], "size": [18, 17, 18], "uv": [320, 0]}
					]
				},
				{
					"name": "segment6",
					"parent": "segment5",
					"pivot": [0, 14, 144]
				},
				{
					"name": "boulder6",
					"parent": "segment6",
					"pivot": [-0.5, 14, 152],
					"cubes": [
						{"origin": [-9, 5.5, 144], "size": [17, 17, 16], "uv": [392, 0]}
					]
				},
				{
					"name": "boulder_spikes3",
					"parent": "boulder6",
					"pivot": [0, 14, 152.25]
				},
				{
					"name": "boulder_spike_left2",
					"parent": "boulder_spikes3",
					"pivot": [7.25, 14, 152.25],
					"cubes": [
						{"origin": [16, 11, 149.75], "size": [10, 6, 5], "uv": [253, 89]},
						{"origin": [6, 9, 147.75], "size": [11, 10, 9], "uv": [383, 33]}
					]
				},
				{
					"name": "boulder_spike_right2",
					"parent": "boulder_spikes3",
					"pivot": [-7.25, 14, 152.25],
					"cubes": [
						{"origin": [-26, 11, 149.75], "size": [10, 6, 5], "uv": [253, 100]},
						{"origin": [-17, 9, 147.75], "size": [11, 10, 9], "uv": [381, 52]}
					]
				},
				{
					"name": "segment7",
					"parent": "segment6",
					"pivot": [0, 13.5, 160]
				},
				{
					"name": "boulder7",
					"parent": "segment7",
					"pivot": [0.5, 13.5, 167],
					"cubes": [
						{"origin": [-8, 6.5, 160], "size": [16, 14, 15], "uv": [256, 136]}
					]
				},
				{
					"name": "segment8",
					"parent": "segment7",
					"pivot": [0, 13.5, 175]
				},
				{
					"name": "boulder8",
					"parent": "segment8",
					"pivot": [0, 13.5, 175],
					"cubes": [
						{"origin": [-2, 11.5, 191], "size": [4, 4, 6], "uv": [314, 70]},
						{"origin": [-3, 10.5, 175], "size": [6, 6, 16], "uv": [283, 89]},
						{"origin": [-5, 9.5, 177], "size": [10, 8, 9], "uv": [284, 207]}
					]
				},
				{
					"name": "locator_tail",
					"parent": "boulder8",
					"pivot": [0, 13.5, 186],
					"locators": {
						"tail": [0, 13.5, 186],
						"physical": [0, 13.5, 186]
					}
				},
				{
					"name": "locator_tail_tip",
					"parent": "boulder8",
					"pivot": [0, 13.5, 197],
					"rotation": [180, 0, 0],
					"locators": {
						"tail_tip": [0, 13.5, 197]
					}
				}
			]
		}
	]
}