{
    "enabled": true,
    "neededInstalledMods": [],
    "neededUninstalledMods": [],
    "spawns": [
        {
            "id": "lana-eevee-1T",
            "pokemon": "eevee cosmetic_item=lana",
            "presets": [
                "mansion"
            ],
            "type": "pokemon",
            "context": "grounded",
            "bucket": "rare",
            "level": "10-27",
            "weight": 9.0,
            "condition": {
                "canSeeSky": false,
                "biomes": [
                    "#cobblemon:is_overworld"
                ]
            }
        }
    ]
}