{
    "enabled": true,
    "neededInstalledMods": [],
    "neededUninstalledMods": [],
    "spawns": [
        {
            "id": "snowman-snorlax-1T",
            "pokemon": "snorlax snowman=true",
            "presets": [
                "natural"
            ],
            "type": "pokemon",
            "spawnablePositionType": "grounded",
            "bucket": "rare",
            "level": "34-54",
            "weight": 2.5,
            "condition": {
                "minSkyLight": 8,
                "maxSkyLight": 15,
                "biomes": [
                    "#cobblemon:is_snowy"
                ]
            },
            "anticondition": {
                "neededNearbyBlocks": [
                    "#cobblemon:saccharine_trees"
                ]
            }
        }
    ]
}