{
  "enabled": true,
  "neededInstalledMods": [],
  "neededUninstalledMods": [],
  "spawns": [
    {
      "id": "black-tyranitar-1T",
      "pokemon": "tyranitar black=true min_perfect_ivs=6",
      "presets": [
        "natural"
      ],
      "type": "pokemon",
      "context": "grounded",
      "bucket": "ultra-rare",
      "level": "100",
      "weight": 1.0,
      "condition": {
        "biomes": [
          "#cobblemon:is_overworld"
        ],
        "structures": [
          "#minecraft:village",
          "#bca:villages"
        ]
      }
    }
  ]
}