{
    "type": "minecraft:crafting_shaped",
    "category": "misc",
    "pattern": [
      "bab",
      "ata",
      "bab"
    ],
    "key": {
      "b": {
        "item": "minecraft:nether_star"
      },
      "a": {
        "item": "minecraft:diamond"
      },
      "t": {
        "item": "cobblemon:master_ball"
      }
    },
    "result": {
      "id": "minecraft:paper",
      "components": {
        "minecraft:custom_model_data": 1,
        "minecraft:item_name": "\"Silver Bottle Cap\"",
        "minecraft:lore": [ 
          "{\"text\":\"Utility Items\", \"color\":\"blue\", \"italic\":false}"
        ]
      },
      "count": 1
    }
  }
  