{
	"format_version": "1.8.0",
	"animations": {
		"animation.mt.ground_idle": {
			"loop": true,
			"bones": {
				"leg_right": {
					"rotation": [0, 15, 0]
				},
				"torso": {
					"rotation": ["15-math.sin(q.anim_time*90*2-0)*0.75", 0, 0]
				},
				"chest": {
					"rotation": ["-15-math.sin(q.anim_time*90*2-30)*0.75", 0, 0]
				},
				"tail": {
					"rotation": ["-30+math.sin(q.anim_time*90*2-45)*1.5", "0-math.sin(q.anim_time*90*1-20)*2", 0]
				},
				"tail2": {
					"rotation": ["5+math.sin(q.anim_time*90*2-95)*1", "0-math.sin(q.anim_time*90*1-45)*2.5", 0]
				},
				"tail3": {
					"rotation": [10, "0-math.sin(q.anim_time*90*1-90)*3", 0]
				},
				"tail4": {
					"rotation": [10, 0, 0]
				},
				"tail5": {
					"rotation": [7.5, 0, 0]
				},
				"neck": {
					"rotation": ["12.4922-math.sin(q.anim_time*90*2-60)*1.5", -0.19734, 0.01124]
				},
				"chest2": {
					"rotation": [0, 0, 0]
				},
				"arm_right": {
					"rotation": [15, "-2.5+math.sin(q.anim_time*90*2-90)*2", "-20+math.sin(q.anim_time*90*2-30)*2"]
				},
				"arm_right2": {
					"rotation": [10.53252, "-16.3619+math.sin(q.anim_time*90*2-120)*2", -10.38658]
				},
				"hand_right": {
					"rotation": [8.03252, -16.3619, -10.38658]
				},
				"finger_index_right": {
					"rotation": [0, -17.5, 0]
				},
				"finger_ring_right": {
					"rotation": [0, 15, 0]
				},
				"arm_left": {
					"rotation": [15, "2.5-math.sin(q.anim_time*90*2-90)*2", "20-math.sin(q.anim_time*90*2-30)*2"]
				},
				"arm_left2": {
					"rotation": [10.53252, "16.3619-math.sin(q.anim_time*90*2-120)*2", 10.3866]
				},
				"hand_left": {
					"rotation": [8.03252, 16.3619, 10.3866]
				},
				"leg_left": {
					"rotation": [0, -15, 0]
				}
			}
		},
		"animation.mt.ground_walk": {
			"loop": true,
			"animation_length": 1,
			"bones": {
				"leg_right": {
					"rotation": {
						"0.0": [0, 15, 0],
						"0.5": [0, 15, 0],
						"0.75": {
							"pre": [7.5, 15, 0],
							"post": [7.5, 15, 0],
							"lerp_mode": "catmullrom"
						},
						"1.0": [0, 15, 0]
					},
					"position": {
						"0.0": [0, 0, -6],
						"0.0417": [0, -0.75, -5],
						"0.0833": [0, 0, -4],
						"0.125": [0, -0.75, -3],
						"0.1667": [0, 0, -2],
						"0.2083": [0, -0.25, -1],
						"0.25": [0, 0, 0],
						"0.3333": [0, -0.5, 2],
						"0.5": [0, 0.1, 6],
						"0.75": {
							"pre": [0, 5.5, 0],
							"post": [0, 5.5, 0],
							"lerp_mode": "catmullrom"
						},
						"1.0": [0, 0, -6]
					}
				},
				"torso": {
					"rotation": {
						"0.0": {
							"post": [15.12353, -7, -1],
							"lerp_mode": "catmullrom"
						},
						"0.25": {
							"post": [15, 1.95155, -7.24305],
							"lerp_mode": "catmullrom"
						},
						"0.5": {
							"post": [15.12353, 7, 1],
							"lerp_mode": "catmullrom"
						},
						"0.75": {
							"post": [15, -1.9516, 7.2431],
							"lerp_mode": "catmullrom"
						},
						"1.0": {
							"post": [15.12353, -7, -1],
							"lerp_mode": "catmullrom"
						}
					},
					"position": {
						"0.0": [0, 0, 0],
						"0.0417": [0, 0.5, 0],
						"0.0833": [0, -0.5, 0],
						"0.125": [0, 0.4, 0],
						"0.1667": [0, -0.4, 0],
						"0.2083": [0, 0.4, 0],
						"0.2917": [0, -0.2, 0],
						"0.375": [0, 0.2, 0],
						"0.5": [0, 0, 0],
						"0.5417": [0, 0.5, 0],
						"0.5833": [0, -0.5, 0],
						"0.625": [0, 0.4, 0],
						"0.6667": [0, -0.4, 0],
						"0.7083": [0, 0.4, 0],
						"0.7917": [0, -0.2, 0],
						"0.875": [0, 0.2, 0],
						"1.0": [0, 0, 0]
					}
				},
				"chest": {
					"rotation": [-15, 0, 0]
				},
				"tail": {
					"rotation": [-30.09468, "-4.3288-math.sin(q.anim_time*90*4+30)*4", 2.50477]
				},
				"tail2": {
					"rotation": [0, "0-math.sin(q.anim_time*90*4-30)*4", 0]
				},
				"tail3": {
					"rotation": [10, "0-math.sin(q.anim_time*90*4-90)*4", 0]
				},
				"tail4": {
					"rotation": [10, 0, 0]
				},
				"tail5": {
					"rotation": [7.5, 0, 0]
				},
				"neck": {
					"rotation": ["12.4922+math.sin(q.anim_time*90*8-60)*2", -0.19734, 0.01124]
				},
				"chest2": {
					"rotation": ["0+math.sin(q.anim_time*90*8+30)*2", 0, 0]
				},
				"arm_right": {
					"rotation": {
						"0.0": [15.48298, 14.39365, -15.39129],
						"0.5": {
							"pre": [15.49513, -14.5634, -23.31804],
							"post": [15.49513, -14.5634, -23.31804],
							"lerp_mode": "catmullrom"
						},
						"1.0": [15.48298, 14.39365, -15.39129]
					}
				},
				"arm_right2": {
					"rotation": [10.53252, -16.3619, -10.38658]
				},
				"hand_right": {
					"rotation": [8.03252, -16.3619, -10.38658]
				},
				"finger_index_right": {
					"rotation": [0, -17.5, 0]
				},
				"finger_ring_right": {
					"rotation": [0, 15, 0]
				},
				"arm_left": {
					"rotation": {
						"0.0": {
							"post": [15.49513, 14.5634, 23.31804],
							"lerp_mode": "catmullrom"
						},
						"0.5": [15.48298, -14.39365, 15.39129],
						"1.0": {
							"pre": [15.49513, 14.5634, 23.31804],
							"post": [15.49513, 14.5634, 23.31804],
							"lerp_mode": "catmullrom"
						}
					}
				},
				"arm_left2": {
					"rotation": [10.53252, 16.3619, 10.3866]
				},
				"hand_left": {
					"rotation": [8.03252, 16.3619, 10.3866]
				},
				"leg_left": {
					"rotation": {
						"0.0": [0, -15, 0],
						"0.25": {
							"pre": [7.5, -15, 0],
							"post": [7.5, -15, 0],
							"lerp_mode": "catmullrom"
						},
						"0.5": [0, -15, 0],
						"1.0": [0, -15, 0]
					},
					"position": {
						"0.0": [0, 0, 6],
						"0.25": {
							"pre": [0, 5.5, 0],
							"post": [0, 5.5, 0],
							"lerp_mode": "catmullrom"
						},
						"0.5": [0, 0, -6],
						"0.5417": [0, -0.75, -5],
						"0.5833": [0, 0, -4],
						"0.625": [0, -0.75, -3],
						"0.6667": [0, 0, -2],
						"0.7083": [0, -0.25, -1],
						"0.75": [0, 0, 0],
						"0.8333": [0, -0.5, 2],
						"1.0": [0, 0.1, 6]
					}
				}
			}
		},
		"animation.mt.cry": {
			"animation_length": 1.375,
			"bones": {
				"neck2": {
					"rotation": {
						"0.0": [0, 0, 0],
						"0.125": {
							"pre": [3.91, 0, 0],
							"post": [3.91, 0, 0],
							"lerp_mode": "catmullrom"
						},
						"0.25": {
							"post": [-2.5, 0, 0],
							"lerp_mode": "catmullrom"
						},
						"0.9167": {
							"post": [-5, 0, 0],
							"lerp_mode": "catmullrom"
						},
						"1.2917": [0, 0, 0]
					},
					"position": {
						"0.0": [0, 0, 0],
						"0.1667": [0, 0, 0],
						"0.2083": [0, -0.2, 0],
						"0.25": [0, 0.1, 0],
						"0.2917": [0, -0.2, 0],
						"0.3333": [0, 0.1, 0],
						"0.375": [0, -0.35, 0],
						"0.4167": [0, 0.2, 0],
						"0.4583": [0, -0.35, 0],
						"0.5": [0, 0.2, 0],
						"0.5417": [0, -0.35, 0],
						"0.5833": [0, 0.2, 0],
						"0.625": [0, -0.35, 0],
						"0.6667": [0, 0.2, 0],
						"0.7083": [0, -0.2, 0],
						"0.75": {
							"pre": [0, 0.1, 0],
							"post": [0, 0.1, 0],
							"lerp_mode": "catmullrom"
						},
						"0.8333": {
							"post": [0, -0.2, 0],
							"lerp_mode": "catmullrom"
						},
						"0.9167": {
							"post": [0, 0.1, 0],
							"lerp_mode": "catmullrom"
						},
						"1.0": {
							"post": [0, -0.2, 0],
							"lerp_mode": "catmullrom"
						},
						"1.0833": {
							"post": [0, 0.1, 0],
							"lerp_mode": "catmullrom"
						},
						"1.25": [0, 0, 0]
					}
				},
				"jaw": {
					"rotation": {
						"0.0": [0, 0, 0],
						"0.1667": {
							"pre": [25, 0, 0],
							"post": [25, 0, 0],
							"lerp_mode": "catmullrom"
						},
						"1.0": {
							"post": [28, 0, 0],
							"lerp_mode": "catmullrom"
						},
						"1.375": [0, 0, 0]
					}
				}
			},
			"sound_effects": {
				"0.125": {
					"effect": "pokemon.mt.cry"
				}
			}
		},
		"animation.mt.physical": {
			"loop": "hold_on_last_frame",
			"animation_length": 3,
			"bones": {
				"body": {
					"position": {
						"0.0": [0, 0, 0],
						"1.2917": [0, 0, 0],
						"1.3333": [0, -2, 0],
						"1.375": [0, 0.5, 0],
						"1.4167": [0, -2, 0],
						"1.4583": [0, 0.5, 0],
						"1.5": [0, -2, 0],
						"1.5417": [0, 0.5, 0],
						"1.5833": [0, -1, 0],
						"1.625": [0, 0.2, 0],
						"1.7083": [0, -0.1, 0],
						"1.7917": [0, 0.1, 0],
						"1.875": [0, 0, 0],
						"3.0": [0, 0, 0]
					}
				},
				"torso": {
					"rotation": {
						"0.0": [15, 0, 0],
						"0.625": {
							"pre": [15.34721, 12.06754, 3.28396],
							"post": [15.34721, 12.06754, 3.28396],
							"lerp_mode": "catmullrom"
						},
						"1.0417": {
							"post": [12.57858, 20.65267, 0.24588],
							"lerp_mode": "catmullrom"
						},
						"1.25": {
							"post": [17.08552, 15.47374, 9.65996],
							"lerp_mode": "catmullrom"
						},
						"1.3333": {
							"post": [35.12528, -31.26463, -9.36302],
							"lerp_mode": "catmullrom"
						},
						"1.5": {
							"post": [35.13, -31.26, -9.36],
							"lerp_mode": "catmullrom"
						},
						"1.9583": {
							"post": [35.13, -31.26, -9.36],
							"lerp_mode": "catmullrom"
						},
						"2.25": {
							"post": [23.97618, -27.61263, 5.72868],
							"lerp_mode": "catmullrom"
						},
						"2.7917": [15, 0, 0],
						"3.0": [15, 0, 0]
					},
					"position": {
						"0.0": [0, 0, 0],
						"0.4583": {
							"pre": [0, 0.7, 0],
							"post": [0, 0.7, 0],
							"lerp_mode": "catmullrom"
						},
						"0.6667": {
							"post": [0, 0, 0],
							"lerp_mode": "catmullrom"
						},
						"0.9167": [0, 0, 0],
						"1.0417": [0, 0.7, 0],
						"1.2083": {
							"pre": [0, 1.5, 0],
							"post": [0, 1.5, 0],
							"lerp_mode": "catmullrom"
						},
						"1.3333": {
							"post": [0, 0, 0],
							"lerp_mode": "catmullrom"
						},
						"3.0": [0, 0, 0]
					}
				},
				"chest": {
					"rotation": {
						"0.0": [-14.625, 0, 0],
						"1.0417": [-14.62, 0, 0],
						"3.0": [-14.62, 0, 0]
					}
				},
				"arm_left": {
					"rotation": {
						"0.0": [15, 2.5, 21],
						"0.5833": {
							"pre": [15.20988, 9.74159, 22.96431],
							"post": [15.20988, 9.74159, 22.96431],
							"lerp_mode": "catmullrom"
						},
						"1.0417": {
							"post": [15.45, 15.28, 24.5],
							"lerp_mode": "catmullrom"
						},
						"1.25": {
							"post": [15.49513, 14.5634, 24.31804],
							"lerp_mode": "catmullrom"
						},
						"1.4167": {
							"post": [15.20202, -9.57161, 17.7433],
							"lerp_mode": "catmullrom"
						},
						"1.5417": {
							"post": [16.14818, -21.61061, 14.24341],
							"lerp_mode": "catmullrom"
						},
						"1.875": {
							"post": [16.14818, -21.61061, 14.24341],
							"lerp_mode": "catmullrom"
						},
						"2.6667": [15, 2.5, 21],
						"3.0": [15, 2.5, 21]
					}
				},
				"arm_left2": {
					"rotation": {
						"0.0": [10.53252, 16.3619, 10.3866],
						"0.625": {
							"pre": [12.10955, 23.22793, 14.5503],
							"post": [12.10955, 23.22793, 14.5503],
							"lerp_mode": "catmullrom"
						},
						"1.0417": {
							"post": [13.04, 24.39, 16.92],
							"lerp_mode": "catmullrom"
						},
						"1.2917": {
							"post": [13.14297, 22.68135, 17.19966],
							"lerp_mode": "catmullrom"
						},
						"1.4583": {
							"post": [10.65626, 6.0736, 11.02011],
							"lerp_mode": "catmullrom"
						},
						"1.6667": {
							"post": [10.5985, -1.29811, 9.63671],
							"lerp_mode": "catmullrom"
						},
						"1.9583": {
							"post": [10.5985, -1.29811, 9.63671],
							"lerp_mode": "catmullrom"
						},
						"2.75": [10.53252, 16.3619, 10.3866],
						"3.0": [10.53, 16.36, 10.39]
					}
				},
				"hand_left": {
					"rotation": {
						"0.0": [8.03252, 16.3619, 10.3866],
						"0.7083": {
							"pre": [9.79267, 18.05703, 15.96213],
							"post": [9.79267, 18.05703, 15.96213],
							"lerp_mode": "catmullrom"
						},
						"1.0417": {
							"post": [9.94, 18.62, 16.39],
							"lerp_mode": "catmullrom"
						},
						"1.375": {
							"post": [9.79267, 18.05703, 15.96213],
							"lerp_mode": "catmullrom"
						},
						"1.5": {
							"post": [9.25907, 10.66795, 14.69307],
							"lerp_mode": "catmullrom"
						},
						"1.75": {
							"post": [9.11258, 3.26386, 13.48773],
							"lerp_mode": "catmullrom"
						},
						"2.0417": {
							"post": [9.11258, 3.26386, 13.48773],
							"lerp_mode": "catmullrom"
						},
						"2.7917": [8.03252, 16.3619, 10.3866],
						"3.0": [8.03, 16.36, 10.39]
					}
				},
				"arm_right": {
					"rotation": {
						"0.0": [15, -2.5, -21],
						"0.5833": {
							"pre": [-7.6011, -2.17145, -18.51962],
							"post": [-7.6011, -2.17145, -18.51962],
							"lerp_mode": "catmullrom"
						},
						"1.0417": {
							"post": [-30.07, 6.07, 14.56],
							"lerp_mode": "catmullrom"
						},
						"1.25": {
							"post": [-40.21911, 5.90739, 21.56222],
							"lerp_mode": "catmullrom"
						},
						"1.3333": {
							"post": [-67.68232, -25.86714, -30.24397],
							"lerp_mode": "catmullrom"
						},
						"1.7917": [-67.68, -25.87, -30.24],
						"2.1667": {
							"pre": [-73.96808, -29.99667, -16.87284],
							"post": [-73.96808, -29.99667, -16.87284],
							"lerp_mode": "catmullrom"
						},
						"2.375": {
							"post": [-38.14681, -28.14666, -9.71358],
							"lerp_mode": "catmullrom"
						},
						"2.75": [15, -2.5, -21],
						"3.0": [15, -2.5, -21]
					}
				},
				"arm_right2": {
					"rotation": {
						"0.0": [10.53252, -16.3619, -10.38658],
						"0.625": {
							"pre": [11.04552, -23.72977, -11.88004],
							"post": [11.04552, -23.72977, -11.88004],
							"lerp_mode": "catmullrom"
						},
						"1.0417": {
							"post": [10.39, -15.8, -8.98],
							"lerp_mode": "catmullrom"
						},
						"1.25": {
							"post": [10.30852, -11.44425, -9.45521],
							"lerp_mode": "catmullrom"
						},
						"1.4167": {
							"post": [12.42905, -5.52009, -26.29828],
							"lerp_mode": "catmullrom"
						},
						"1.875": {
							"post": [12.43, -5.52, -26.3],
							"lerp_mode": "catmullrom"
						},
						"2.0": {
							"post": [12.85475, -4.42501, -31.19714],
							"lerp_mode": "catmullrom"
						},
						"2.75": [10.53252, -16.3619, -10.38658],
						"3.0": [10.53, -16.36, -10.39]
					}
				},
				"hand_right": {
					"rotation": {
						"0.0": [8.03252, -16.3619, -10.38658],
						"0.7083": {
							"pre": [8.42535, -23.78494, -11.52868],
							"post": [8.42535, -23.78494, -11.52868],
							"lerp_mode": "catmullrom"
						},
						"1.0417": {
							"post": [7.86, -16.38, -9.11],
							"lerp_mode": "catmullrom"
						},
						"1.25": {
							"post": [7.86152, -11.40985, -9.6747],
							"lerp_mode": "catmullrom"
						},
						"1.5": {
							"post": [10.92095, -8.53146, -27.20516],
							"lerp_mode": "catmullrom"
						},
						"1.9167": {
							"post": [10.92, -8.53, -27.21],
							"lerp_mode": "catmullrom"
						},
						"2.0417": {
							"post": [11.61321, -7.55251, -32.16231],
							"lerp_mode": "catmullrom"
						},
						"2.75": [8.03252, -16.3619, -10.38658],
						"3.0": [8.03, -16.36, -10.39]
					}
				},
				"finger_index_right": {
					"rotation": {
						"0.0": [0, -17.5, 0],
						"3.0": [0, -17.5, 0]
					}
				},
				"finger_ring_right": {
					"rotation": {
						"0.0": [0, 15, 0],
						"3.0": [0, 15, 0]
					}
				},
				"neck": {
					"rotation": {
						"0.0": [13.79, -0.2, 0.01],
						"0.375": [13.79124, -0.19734, 0.01124],
						"1.2083": {
							"pre": [13.80593, -2.62521, -0.58517],
							"post": [13.80593, -2.62521, -0.58517],
							"lerp_mode": "catmullrom"
						},
						"1.375": {
							"post": [13.84423, 4.91369, 1.26894],
							"lerp_mode": "catmullrom"
						},
						"1.875": {
							"post": [13.84423, 4.91369, 1.26894],
							"lerp_mode": "catmullrom"
						},
						"2.625": [13.79124, -0.19734, 0.01124],
						"3.0": [13.79, -0.2, 0.01]
					}
				},
				"neck2": {
					"rotation": {
						"0.0": [0, 0, 0],
						"0.375": [0, 0, 0],
						"0.9167": {
							"pre": [0, -5, 0],
							"post": [0, -5, 0],
							"lerp_mode": "catmullrom"
						},
						"1.125": {
							"post": [0, -5, 0],
							"lerp_mode": "catmullrom"
						},
						"1.2917": {
							"post": [0, 7.5, 0],
							"lerp_mode": "catmullrom"
						},
						"1.7917": {
							"post": [0, 7.5, 0],
							"lerp_mode": "catmullrom"
						},
						"2.5833": [0, 0, 0],
						"3.0": [0, 0, 0]
					}
				},
				"head_rotation": {
					"rotation": {
						"0.0": [0, 0, 0],
						"0.375": [0, 0, 0],
						"1.0417": {
							"pre": [0, -15, 0],
							"post": [0, -15, 0],
							"lerp_mode": "catmullrom"
						},
						"1.25": {
							"post": [0, -15, 0],
							"lerp_mode": "catmullrom"
						},
						"1.4167": {
							"post": [0, 20, 0],
							"lerp_mode": "catmullrom"
						},
						"1.9167": {
							"post": [0, 20, 0],
							"lerp_mode": "catmullrom"
						},
						"2.6667": [0, 0, 0],
						"3.0": [0, 0, 0]
					}
				},
				"tail": {
					"rotation": {
						"0.0": [-30.38823, 1, 0],
						"0.4583": {
							"pre": [-30.43935, -3.31266, 2.53112],
							"post": [-30.43935, -3.31266, 2.53112],
							"lerp_mode": "catmullrom"
						},
						"0.9167": {
							"post": [-30.39, 1, 0],
							"lerp_mode": "catmullrom"
						},
						"1.2083": {
							"post": [-30.39, 1, 0],
							"lerp_mode": "catmullrom"
						},
						"1.4167": {
							"post": [-30.53674, -5.46709, 3.80318],
							"lerp_mode": "catmullrom"
						},
						"1.625": {
							"post": [-30.38823, 1, 0],
							"lerp_mode": "catmullrom"
						},
						"2.0833": [-30.38823, 1, 0],
						"2.2917": {
							"pre": [-30.43935, -3.31266, 2.53112],
							"post": [-30.43935, -3.31266, 2.53112],
							"lerp_mode": "catmullrom"
						},
						"2.7917": [-30.38823, 1, 0],
						"3.0": [-30.39, 1, 0]
					}
				},
				"tail2": {
					"rotation": {
						"0.0": [4.42642, 1.76777, 0],
						"0.5417": {
							"pre": [4.44642, -5.70983, -0.58008],
							"post": [4.44642, -5.70983, -0.58008],
							"lerp_mode": "catmullrom"
						},
						"0.9167": {
							"post": [4.43, 1.77, 0],
							"lerp_mode": "catmullrom"
						},
						"1.2083": {
							"post": [4.43, 1.77, 0],
							"lerp_mode": "catmullrom"
						},
						"1.2917": {
							"post": [4.56837, 14.23179, 0.98825],
							"lerp_mode": "catmullrom"
						},
						"1.4167": {
							"post": [4.44642, -5.70983, -0.58008],
							"lerp_mode": "catmullrom"
						},
						"1.7083": {
							"post": [4.42642, 1.76777, 0],
							"lerp_mode": "catmullrom"
						},
						"2.0833": [4.42642, 1.76777, 0],
						"2.375": {
							"pre": [4.47013, -8.20226, -0.77584],
							"post": [4.47013, -8.20226, -0.77584],
							"lerp_mode": "catmullrom"
						},
						"2.7917": [4.42642, 1.76777, 0],
						"3.0": [4.43, 1.77, 0]
					}
				},
				"tail3": {
					"rotation": {
						"0.0": [10, 3, 0],
						"0.625": {
							"pre": [10.05865, -6.84795, -1.74036],
							"post": [10.05865, -6.84795, -1.74036],
							"lerp_mode": "catmullrom"
						},
						"0.9167": {
							"post": [10, 3, 0],
							"lerp_mode": "catmullrom"
						},
						"1.2083": {
							"post": [10, 3, 0],
							"lerp_mode": "catmullrom"
						},
						"1.3333": {
							"post": [10.64949, 20.22119, 3.18997],
							"lerp_mode": "catmullrom"
						},
						"1.4167": {
							"post": [10.05865, -6.84795, -1.74036],
							"lerp_mode": "catmullrom"
						},
						"1.7917": {
							"post": [10, 3, 0],
							"lerp_mode": "catmullrom"
						},
						"2.0833": [10, 3, 0],
						"2.4583": {
							"pre": [10.05865, -6.84795, -1.74036],
							"post": [10.05865, -6.84795, -1.74036],
							"lerp_mode": "catmullrom"
						},
						"2.7917": [10, 3, 0],
						"3.0": [10, 3, 0]
					}
				},
				"tail4": {
					"rotation": {
						"0.0": [10, 0, 0],
						"0.7083": {
							"pre": [10.15108, -9.84655, -1.75378],
							"post": [10.15108, -9.84655, -1.75378],
							"lerp_mode": "catmullrom"
						},
						"0.9167": {
							"post": [10, 0, 0],
							"lerp_mode": "catmullrom"
						},
						"1.2083": {
							"post": [10, 0, 0],
							"lerp_mode": "catmullrom"
						},
						"1.375": {
							"post": [10.80524, 22.13991, 4.11405],
							"lerp_mode": "catmullrom"
						},
						"1.4167": {
							"post": [10.15108, -9.84655, -1.75378],
							"lerp_mode": "catmullrom"
						},
						"1.875": {
							"post": [10, 0, 0],
							"lerp_mode": "catmullrom"
						},
						"2.0833": [10, 0, 0],
						"2.5417": {
							"pre": [10.23772, -12.3071, -2.20462],
							"post": [10.23772, -12.3071, -2.20462],
							"lerp_mode": "catmullrom"
						},
						"2.7917": [10, 0, 0],
						"3.0": [10, 0, 0]
					}
				},
				"tail5": {
					"rotation": {
						"0.0": [7.5, 0, 0],
						"3.0": [7.5, 0, 0]
					}
				},
				"leg_left": {
					"rotation": {
						"0.0": [0, -15, 0],
						"0.5": {
							"pre": [0, -7.5, 0],
							"post": [0, -7.5, 0],
							"lerp_mode": "catmullrom"
						},
						"1.0417": {
							"post": [0, -7.5, 0],
							"lerp_mode": "catmullrom"
						},
						"1.4167": {
							"post": [0, -35, 0],
							"lerp_mode": "catmullrom"
						},
						"1.9583": [0, -35, 0],
						"2.5417": {
							"pre": [0, -15, 0],
							"post": [0, -15, 0],
							"lerp_mode": "catmullrom"
						},
						"3.0": [0, -15, 0]
					}
				},
				"leg_right": {
					"rotation": {
						"0.0": [0, 15, 0],
						"0.5833": {
							"pre": [7.5, 17.025, 0],
							"post": [7.5, 17.025, 0],
							"lerp_mode": "catmullrom"
						},
						"0.7917": [0, 19.05, 0],
						"1.0417": {
							"pre": [0.85, 19.07, 0],
							"post": [0.85, 19.07, 0],
							"lerp_mode": "catmullrom"
						},
						"1.0833": {
							"post": [0, 19.05, 0],
							"lerp_mode": "catmullrom"
						},
						"1.2083": [-17.5, 19.05, 0],
						"1.4167": [0, -2.5, 0],
						"1.9167": [0, -2.5, 0],
						"2.4583": [0, 15, 0],
						"3.0": [0, 15, 0]
					},
					"position": {
						"0.0": [0, 0, 0],
						"0.4583": {
							"pre": [0, 4, 1.5],
							"post": [0, 4, 1.5],
							"lerp_mode": "catmullrom"
						},
						"0.75": [0, 0, 4],
						"1.0417": [0, 0, 4],
						"1.0833": [0, 0, 4],
						"1.2083": {
							"pre": [0, 2, 3],
							"post": [0, 2, 3],
							"lerp_mode": "catmullrom"
						},
						"1.375": {
							"post": [0, 0, -10],
							"lerp_mode": "catmullrom"
						},
						"1.9167": {
							"post": [0, 0, -10],
							"lerp_mode": "catmullrom"
						},
						"2.2083": {
							"post": [0, 2, -3.96],
							"lerp_mode": "catmullrom"
						},
						"2.5833": [0, 0, 0],
						"3.0": [0, 0, 0]
					}
				},
				"finger_index_left": {
					"rotation": [-3.96713, 14.47751, 14.49591]
				},
				"finger_middle_left": {
					"rotation": [0, 0, 0]
				},
				"finger_ring_left": {
					"rotation": [-2.75, -12.2, 12.79]
				},
				"chest2": {
					"rotation": [0, 0, 0]
				},
				"head": {
					"rotation": [0, 0, 0]
				},
				"jaw": {
					"rotation": [0, 0, 0]
				},
				"jaw_hidden": {
					"rotation": [0, 0, 0]
				},
				"foot_left": {
					"rotation": [0, 0, 0]
				},
				"foot_right": {
					"rotation": [0, 0, 0]
				}
			}
		},
		"animation.mt.special": {
			"animation_length": 2.6667,
			"bones": {
				"chest": {
					"rotation": {
						"0.0": [-14.625, 0, 0],
						"0.2917": {
							"pre": [-9.625, 0, 0],
							"post": [-9.625, 0, 0],
							"lerp_mode": "catmullrom"
						},
						"0.9167": {
							"post": [-9.625, 0, 0],
							"lerp_mode": "catmullrom"
						},
						"1.125": {
							"post": [10, 0, 0],
							"lerp_mode": "catmullrom"
						},
						"1.5833": [10, 0, 0],
						"2.125": {
							"pre": [-17.125, 0, 0],
							"post": [-17.125, 0, 0],
							"lerp_mode": "catmullrom"
						},
						"2.6667": [-14.625, 0, 0]
					}
				},
				"arm_right": {
					"rotation": {
						"0.0": [15, -2.5, -21],
						"0.9583": {
							"pre": [16.8051, -26.57456, -28.02501],
							"post": [16.8051, -26.57456, -28.02501],
							"lerp_mode": "catmullrom"
						},
						"1.125": {
							"post": [-4.50432, 19.50645, -13.27463],
							"lerp_mode": "catmullrom"
						},
						"1.5833": [-4.50432, 19.50645, -13.27463],
						"2.125": {
							"pre": [15, -2.5, -21],
							"post": [15, -2.5, -21],
							"lerp_mode": "catmullrom"
						},
						"2.6667": [15, -2.5, -21]
					}
				},
				"chest2": {
					"rotation": {
						"0.0": [0, 0, 0],
						"0.2917": {
							"pre": [5, 0, 0],
							"post": [5, 0, 0],
							"lerp_mode": "catmullrom"
						},
						"0.9167": {
							"post": [10, 0, 0],
							"lerp_mode": "catmullrom"
						},
						"1.125": {
							"post": [-7.5, 0, 0],
							"lerp_mode": "catmullrom"
						},
						"1.5833": [-7.5, 0, 0],
						"2.125": {
							"pre": [2.5, 0, 0],
							"post": [2.5, 0, 0],
							"lerp_mode": "catmullrom"
						},
						"2.6667": [0, 0, 0]
					}
				},
				"neck": {
					"rotation": {
						"0.0": [13.79, -0.2, 0.01],
						"0.2917": {
							"pre": [11.29, -0.2, 0.01],
							"post": [11.29, -0.2, 0.01],
							"lerp_mode": "catmullrom"
						},
						"0.9167": {
							"post": [13.79, -0.2, 0.01],
							"lerp_mode": "catmullrom"
						},
						"1.125": {
							"post": [-2.5, 0, 0],
							"lerp_mode": "catmullrom"
						},
						"1.5833": [-2.5, 0, 0],
						"2.125": {
							"pre": [16.29, -0.2, 0.01],
							"post": [16.29, -0.2, 0.01],
							"lerp_mode": "catmullrom"
						},
						"2.6667": [13.79, -0.2, 0.01]
					}
				},
				"neck2": {
					"rotation": {
						"0.0": [0, 0, 0],
						"0.2917": {
							"pre": [7.5, 0, 0],
							"post": [7.5, 0, 0],
							"lerp_mode": "catmullrom"
						},
						"0.6667": {
							"post": [10, 0, 0],
							"lerp_mode": "catmullrom"
						},
						"1.125": {
							"post": [-12.5, 0, 0],
							"lerp_mode": "catmullrom"
						},
						"1.5833": [-12.5, 0, 0],
						"2.125": {
							"pre": [2.5, 0, 0],
							"post": [2.5, 0, 0],
							"lerp_mode": "catmullrom"
						},
						"2.6667": [0, 0, 0]
					}
				},
				"torso": {
					"rotation": {
						"0.0": [15, 0, 0],
						"0.2917": [5, 0, 0],
						"0.9167": {
							"pre": [0, 0, 10],
							"post": [0, 0, 10],
							"lerp_mode": "catmullrom"
						},
						"1.125": {
							"post": [35, 0, 0],
							"lerp_mode": "catmullrom"
						},
						"1.5833": [35, 0, 0],
						"1.9167": [20.5482, 0.19048, 0.75563],
						"2.125": {
							"pre": [12.45392, -1.08089, 4.88206],
							"post": [12.45392, -1.08089, 4.88206],
							"lerp_mode": "catmullrom"
						},
						"2.375": {
							"post": [12.05646, -1.18782, 5.4473],
							"lerp_mode": "catmullrom"
						},
						"2.6667": [15, 0, 0]
					},
					"position": {
						"0.0": [0, 0, 0],
						"0.2917": [0, 0, 0],
						"0.9167": [0, 0, 0],
						"1.125": [0, 0, 0],
						"1.2083": [0, 0.5, 0],
						"1.25": [0, -0.5, 0],
						"1.2917": [0, 1, 0],
						"1.3333": [0, -1, 0],
						"1.375": [0, 0.5, 0],
						"1.4167": [0, -0.5, 0],
						"1.5": [0, 0.5, 0],
						"1.5833": [0, -0.5, 0],
						"2.125": [0, 0, 0],
						"2.6667": [0, 0, 0]
					}
				},
				"arm_left": {
					"rotation": {
						"0.0": [15, 2.5, 21],
						"0.9583": {
							"pre": [16.8051, 26.57456, 28.02501],
							"post": [16.8051, 26.57456, 28.02501],
							"lerp_mode": "catmullrom"
						},
						"1.125": {
							"post": [-4.50432, -19.5064, 13.2746],
							"lerp_mode": "catmullrom"
						},
						"1.5833": [-4.50432, -19.5064, 13.2746],
						"2.125": {
							"pre": [15, 2.5, 21],
							"post": [15, 2.5, 21],
							"lerp_mode": "catmullrom"
						},
						"2.6667": [15, 2.5, 21]
					}
				},
				"jaw": {
					"rotation": {
						"0.0": [0, 0, 0],
						"0.2917": {
							"pre": [0, 0, 0],
							"post": [0, 0, 0],
							"lerp_mode": "catmullrom"
						},
						"0.7917": {
							"post": [0, 0, 0],
							"lerp_mode": "catmullrom"
						},
						"1.125": {
							"post": [82.5, 0, 0],
							"lerp_mode": "catmullrom"
						},
						"1.5833": [82.5, 0, 0],
						"2.125": {
							"pre": [0, 0, 0],
							"post": [0, 0, 0],
							"lerp_mode": "catmullrom"
						},
						"2.6667": [0, 0, 0]
					}
				},
				"head_rotation": {
					"rotation": {
						"0.0": [0, 0, 0],
						"0.2917": {
							"pre": [0, 0, 0],
							"post": [0, 0, 0],
							"lerp_mode": "catmullrom"
						},
						"0.6667": {
							"post": [0, 0, 0],
							"lerp_mode": "catmullrom"
						},
						"1.125": {
							"post": [-32.5, 0, 0],
							"lerp_mode": "catmullrom"
						},
						"1.5833": [-32.5, 0, 0],
						"2.125": {
							"pre": [0, 0, 0],
							"post": [0, 0, 0],
							"lerp_mode": "catmullrom"
						},
						"2.6667": [0, 0, 0]
					}
				},
				"finger_index_right": {
					"rotation": {
						"0.0": [0, -17.5, 0],
						"0.2917": {
							"pre": [0, -17.5, 0],
							"post": [0, -17.5, 0],
							"lerp_mode": "catmullrom"
						},
						"0.6667": {
							"post": [0, -17.5, 0],
							"lerp_mode": "catmullrom"
						},
						"1.125": {
							"post": [0, -15, -30],
							"lerp_mode": "catmullrom"
						},
						"1.5833": [0, -15, -30],
						"2.125": {
							"pre": [0, -17.5, 0],
							"post": [0, -17.5, 0],
							"lerp_mode": "catmullrom"
						},
						"2.6667": [0, -17.5, 0]
					}
				},
				"finger_ring_right": {
					"rotation": {
						"0.0": [0, 15, 0],
						"0.2917": {
							"pre": [0, 15, 0],
							"post": [0, 15, 0],
							"lerp_mode": "catmullrom"
						},
						"0.6667": {
							"post": [0, 15, 0],
							"lerp_mode": "catmullrom"
						},
						"1.125": {
							"post": [-2.74715, 12.19908, -12.79362],
							"lerp_mode": "catmullrom"
						},
						"1.5833": [-2.74715, 12.19908, -12.79362],
						"2.125": {
							"pre": [0, 15, 0],
							"post": [0, 15, 0],
							"lerp_mode": "catmullrom"
						},
						"2.6667": [0, 15, 0]
					}
				},
				"finger_index_left": {
					"rotation": {
						"0.0": [-3.96713, 14.47751, 14.49591],
						"0.2917": {
							"pre": [-3.96713, 14.47751, 14.49591],
							"post": [-3.96713, 14.47751, 14.49591],
							"lerp_mode": "catmullrom"
						},
						"0.6667": {
							"post": [-3.96713, 14.47751, 14.49591],
							"lerp_mode": "catmullrom"
						},
						"1.125": {
							"post": [0, 15, 30],
							"lerp_mode": "catmullrom"
						},
						"1.5833": [0, 15, 30],
						"2.125": {
							"pre": [-3.96713, 14.47751, 14.49591],
							"post": [-3.96713, 14.47751, 14.49591],
							"lerp_mode": "catmullrom"
						},
						"2.6667": [-3.96713, 14.47751, 14.49591]
					}
				},
				"finger_ring_left": {
					"rotation": {
						"0.0": [-2.75, -12.2, 12.79],
						"0.2917": {
							"pre": [-2.75, -12.2, 12.79],
							"post": [-2.75, -12.2, 12.79],
							"lerp_mode": "catmullrom"
						},
						"0.6667": {
							"post": [-2.75, -12.2, 12.79],
							"lerp_mode": "catmullrom"
						},
						"1.125": {
							"post": [-2.74715, -12.19908, 12.79362],
							"lerp_mode": "catmullrom"
						},
						"1.5833": [-2.74715, -12.19908, 12.79362],
						"2.125": {
							"pre": [-2.75, -12.2, 12.79],
							"post": [-2.75, -12.2, 12.79],
							"lerp_mode": "catmullrom"
						},
						"2.6667": [-2.75, -12.2, 12.79]
					}
				},
				"tail": {
					"rotation": {
						"0.0": [-30.38823, 1, 0],
						"0.2917": {
							"pre": [-30.38823, 1, 0],
							"post": [-30.38823, 1, 0],
							"lerp_mode": "catmullrom"
						},
						"0.6667": {
							"post": [-30.38823, 1, 0],
							"lerp_mode": "catmullrom"
						},
						"1.125": {
							"post": [-10, 0, 0],
							"lerp_mode": "catmullrom"
						},
						"1.5833": [-10, 0, 0],
						"2.125": {
							"pre": [-30.38823, 1, 0],
							"post": [-30.38823, 1, 0],
							"lerp_mode": "catmullrom"
						},
						"2.6667": [-30.38823, 1, 0]
					}
				},
				"tail2": {
					"rotation": {
						"0.0": [4.42642, 1.76777, 0],
						"0.2917": {
							"pre": [4.42642, 1.76777, 0],
							"post": [4.42642, 1.76777, 0],
							"lerp_mode": "catmullrom"
						},
						"0.6667": {
							"post": [4.42642, 1.76777, 0],
							"lerp_mode": "catmullrom"
						},
						"1.125": {
							"post": [17.5, 0, 0],
							"lerp_mode": "catmullrom"
						},
						"1.5833": [17.5, 0, 0],
						"2.125": {
							"pre": [4.42642, 1.76777, 0],
							"post": [4.42642, 1.76777, 0],
							"lerp_mode": "catmullrom"
						},
						"2.6667": [4.42642, 1.76777, 0]
					}
				},
				"tail3": {
					"rotation": {
						"0.0": [10, 3, 0],
						"0.2917": {
							"pre": [10, 3, 0],
							"post": [10, 3, 0],
							"lerp_mode": "catmullrom"
						},
						"0.6667": {
							"post": [10, 3, 0],
							"lerp_mode": "catmullrom"
						},
						"1.125": {
							"post": [20, 0, 0],
							"lerp_mode": "catmullrom"
						},
						"1.5833": [20, 0, 0],
						"2.125": {
							"pre": [10, 3, 0],
							"post": [10, 3, 0],
							"lerp_mode": "catmullrom"
						},
						"2.6667": [10, 3, 0]
					}
				},
				"tail4": {
					"rotation": {
						"0.0": [10, 0, 0],
						"0.2917": {
							"pre": [10, 0, 0],
							"post": [10, 0, 0],
							"lerp_mode": "catmullrom"
						},
						"0.6667": {
							"post": [10, 0, 0],
							"lerp_mode": "catmullrom"
						},
						"1.125": {
							"post": [10, 0, 0],
							"lerp_mode": "catmullrom"
						},
						"1.5833": [10, 0, 0],
						"2.125": {
							"pre": [10, 0, 0],
							"post": [10, 0, 0],
							"lerp_mode": "catmullrom"
						},
						"2.6667": [10, 0, 0]
					}
				},
				"tail5": {
					"rotation": {
						"0.0": [7.5, 0, 0],
						"0.2917": {
							"pre": [7.5, 0, 0],
							"post": [7.5, 0, 0],
							"lerp_mode": "catmullrom"
						},
						"0.6667": {
							"post": [7.5, 0, 0],
							"lerp_mode": "catmullrom"
						},
						"1.125": {
							"post": [15, 0, 0],
							"lerp_mode": "catmullrom"
						},
						"1.5833": [15, 0, 0],
						"2.125": {
							"pre": [7.5, 0, 0],
							"post": [7.5, 0, 0],
							"lerp_mode": "catmullrom"
						},
						"2.6667": [7.5, 0, 0]
					}
				},
				"leg_right": {
					"rotation": {
						"0.0": [0, 15, 0],
						"2.6667": [0, 15, 0]
					},
					"position": {
						"0.0": [0, 0, 0],
						"0.1667": [0, 0, 0],
						"0.6667": {
							"pre": [0, 2.07, -2.64],
							"post": [0, 2.07, -2.64],
							"lerp_mode": "catmullrom"
						},
						"1.0": {
							"post": [0, 2.6, -4.53],
							"lerp_mode": "catmullrom"
						},
						"1.125": {
							"post": [0, 0, -5],
							"lerp_mode": "catmullrom"
						},
						"1.1667": [0, -1, -5],
						"1.2083": [0, 0, -5],
						"1.25": [0, -1, -5],
						"1.2917": [0, 0, -5],
						"1.3333": [0, -1, -5],
						"1.375": [0, -0.5, -5],
						"1.4167": [0, 0, -5],
						"1.4583": [0, -0.25, -5],
						"1.5": [0, 0, -5],
						"1.9167": {
							"pre": [0, 0, -5],
							"post": [0, 0, -5],
							"lerp_mode": "catmullrom"
						},
						"2.3333": {
							"post": [0, 2, -2.22],
							"lerp_mode": "catmullrom"
						},
						"2.6667": [0, 0, 0]
					}
				},
				"foot_right": {
					"rotation": [0, 0, 0]
				},
				"leg_left": {
					"rotation": {
						"0.0": [0, -15, 0],
						"0.2917": [0, -15, 0],
						"0.9167": [0, -15, 0],
						"1.125": {
							"pre": [0, -22.5, 0],
							"post": [0, -22.5, 0],
							"lerp_mode": "catmullrom"
						},
						"1.5833": [0, -22.5, 0],
						"1.9167": [0, -22.5, 0],
						"2.6667": [0, -15, 0]
					}
				},
				"foot_left": {
					"rotation": [0, 0, 0]
				},
				"jaw_hidden": {
					"rotation": {
						"0.0": [0, 0, 0],
						"0.2917": {
							"pre": [0, 0, 0],
							"post": [0, 0, 0],
							"lerp_mode": "catmullrom"
						},
						"0.7917": {
							"post": [0, 0, 0],
							"lerp_mode": "catmullrom"
						},
						"1.125": {
							"post": [0, 0, 0],
							"lerp_mode": "catmullrom"
						},
						"1.5833": [0, 0, 0],
						"2.125": {
							"pre": [0, 0, 0],
							"post": [0, 0, 0],
							"lerp_mode": "catmullrom"
						},
						"2.6667": [0, 0, 0]
					},
					"position": {
						"0.0": [0, 0, 0],
						"0.2917": {
							"pre": [0, 0, 0],
							"post": [0, 0, 0],
							"lerp_mode": "catmullrom"
						},
						"0.7917": {
							"post": [0, 0, 0],
							"lerp_mode": "catmullrom"
						},
						"1.125": {
							"post": [0, -3, 0],
							"lerp_mode": "catmullrom"
						},
						"1.5833": [0, -3, 0],
						"2.125": {
							"pre": [0, 0, 0],
							"post": [0, 0, 0],
							"lerp_mode": "catmullrom"
						},
						"2.6667": [0, 0, 0]
					}
				},
				"body": {
					"position": {
						"0.0": [0, 0, 0],
						"0.2917": {
							"pre": [0, 0, 0],
							"post": [0, 0, 0],
							"lerp_mode": "catmullrom"
						},
						"0.6667": [0, 0, 0],
						"1.1667": [0, 0, 0],
						"2.125": [0, 0, 0],
						"2.6667": [0, 0, 0]
					}
				},
				"arm_left2": {
					"rotation": {
						"0.0": [10.53252, 16.3619, 10.3866],
						"0.2917": {
							"pre": [10.53252, 16.3619, 10.3866],
							"post": [10.53252, 16.3619, 10.3866],
							"lerp_mode": "catmullrom"
						},
						"0.875": {
							"post": [10.53252, 16.3619, 10.3866],
							"lerp_mode": "catmullrom"
						},
						"2.125": {
							"post": [10.53252, 16.3619, 10.3866],
							"lerp_mode": "catmullrom"
						},
						"2.6667": [10.53252, 16.3619, 10.3866]
					}
				},
				"hand_left": {
					"rotation": {
						"0.0": [8.03252, 16.3619, 10.3866],
						"0.2917": {
							"pre": [8.03252, 16.3619, 10.3866],
							"post": [8.03252, 16.3619, 10.3866],
							"lerp_mode": "catmullrom"
						},
						"0.6667": {
							"post": [8.03252, 16.3619, 10.3866],
							"lerp_mode": "catmullrom"
						},
						"2.125": {
							"post": [8.03252, 16.3619, 10.3866],
							"lerp_mode": "catmullrom"
						},
						"2.6667": [8.03252, 16.3619, 10.3866]
					}
				},
				"finger_middle_left": {
					"rotation": {
						"0.0": [0, 0, 0],
						"0.2917": {
							"pre": [0, 0, 0],
							"post": [0, 0, 0],
							"lerp_mode": "catmullrom"
						},
						"0.6667": {
							"post": [0, 0, 0],
							"lerp_mode": "catmullrom"
						},
						"2.125": {
							"post": [0, 0, 0],
							"lerp_mode": "catmullrom"
						},
						"2.6667": [0, 0, 0]
					}
				},
				"arm_right2": {
					"rotation": {
						"0.0": [10.53252, -16.3619, -10.38658],
						"0.2917": {
							"pre": [10.53252, -16.3619, -10.38658],
							"post": [10.53252, -16.3619, -10.38658],
							"lerp_mode": "catmullrom"
						},
						"0.875": {
							"post": [10.53252, -16.3619, -10.38658],
							"lerp_mode": "catmullrom"
						},
						"2.125": {
							"post": [10.53252, -16.3619, -10.38658],
							"lerp_mode": "catmullrom"
						},
						"2.6667": [10.53252, -16.3619, -10.38658]
					}
				},
				"hand_right": {
					"rotation": {
						"0.0": [8.03252, -16.3619, -10.38658],
						"0.2917": {
							"pre": [8.03252, -16.3619, -10.38658],
							"post": [8.03252, -16.3619, -10.38658],
							"lerp_mode": "catmullrom"
						},
						"0.6667": {
							"post": [8.03252, -16.3619, -10.38658],
							"lerp_mode": "catmullrom"
						},
						"2.125": {
							"post": [8.03252, -16.3619, -10.38658],
							"lerp_mode": "catmullrom"
						},
						"2.6667": [8.03252, -16.3619, -10.38658]
					}
				},
				"head": {
					"rotation": {
						"0.0": [0, 0, 0],
						"0.2917": {
							"pre": [0, 0, 0],
							"post": [0, 0, 0],
							"lerp_mode": "catmullrom"
						},
						"0.6667": {
							"post": [0, 0, 0],
							"lerp_mode": "catmullrom"
						},
						"2.125": {
							"post": [0, 0, 0],
							"lerp_mode": "catmullrom"
						},
						"2.6667": [0, 0, 0]
					}
				}
			}
		},
		"animation.mt.defaultspeed": {
			"loop": true,
			"bones": {
				"ironthorns": {
					"position": [0, 0, "0-query.anim_time *90 *0.19"]
				}
			}
		},
		"animation.mt.mouth_open": {
			"animation_length": 3.6667,
			"bones": {
				"chest": {
					"rotation": [10, 0, 0]
				},
				"arm_right": {
					"rotation": [-4.50432, 19.50645, -13.27463]
				},
				"chest2": {
					"rotation": [-7.5, 0, 0]
				},
				"neck": {
					"rotation": [-2.5, 0, 0]
				},
				"neck2": {
					"rotation": [-12.5, 0, 0]
				},
				"torso": {
					"rotation": [35, 0, 0]
				},
				"arm_left": {
					"rotation": [-4.50432, -19.5064, 13.2746]
				},
				"jaw": {
					"rotation": [82.5, 0, 0]
				},
				"head_rotation": {
					"rotation": [-32.5, 0, 0]
				},
				"finger_index_right": {
					"rotation": [0, -15, -30]
				},
				"finger_ring_right": {
					"rotation": [-2.74715, 12.19908, -12.79362]
				},
				"finger_index_left": {
					"rotation": [0, 15, 30]
				},
				"finger_ring_left": {
					"rotation": [-2.74715, -12.19908, 12.79362]
				},
				"tail": {
					"rotation": [-10, 0, 0]
				},
				"tail2": {
					"rotation": [17.5, 0, 0]
				},
				"tail3": {
					"rotation": [20, 0, 0]
				},
				"tail4": {
					"rotation": [10, 0, 0]
				},
				"tail5": {
					"rotation": [15, 0, 0]
				},
				"leg_right": {
					"rotation": [6.58489, 17.05448, 11.43677]
				},
				"foot_right": {
					"rotation": [-2.50954, 4.99523, -10.21865]
				},
				"leg_left": {
					"rotation": [6.58489, -17.05448, -11.43677]
				},
				"foot_left": {
					"rotation": [-2.50954, -4.99523, 10.21865]
				},
				"jaw_hidden": {
					"rotation": [0, 0, 0],
					"position": [0, -3, 0]
				}
			}
		}
	}
}