{
  "species": "cobblemon:espeon",
  "order": 1,
  "variations": [
    {
      "aspects": ["cosmetic_item-lana"],
      "model": "cobblemon:espeon_lana.geo",
      "texture": "cobblemon:textures/pokemon/0196_espeon/espeon_lana.png",
      "layers": [
        {
          "name": "emissive",
          "emissive": true,
          "texture": "cobblemon:textures/pokemon/0196_espeon/espeon_emissive.png",
          "translucent": true
        }
      ]
    },
    {
      "aspects": ["shiny","cosmetic_item-lana"],
      "texture": "cobblemon:textures/pokemon/0196_espeon/espeon_lana_shiny.png",
      "layers": [
        {
          "name": "emissive",
          "emissive": true,
          "texture": "cobblemon:textures/pokemon/0196_espeon/espeon_emissive.png",
          "translucent": true
        }
      ]
    }
  ]
}
