{
    "type": "minecraft:crafting_shaped",
    "pattern": [
        " M ",
        "MUM",
        " M "
    ],
    "key": {
        "M": {
            "item": "cobblemon:dark_gem"
        },
        "U": {
            "item": "mega_showdown:rockium_z"
        }
    },
    "result": {
    "id": "minecraft:wheat",
    "components": {
      "minecraft:custom_model_data": 260600,
      "mega_showdown:registry_type_component": "z_crystal_item",
      "mega_showdown:registry_location_component": "poketwo:dark_tyranitarium_z",
      "minecraft:item_name": "{\"extra\":[{\"color\":\"light_purple\",\"italic\":false,\"text\": \"Dark Tyranitarium Z\"}],\"italic\":false,\"text\":\"\"}",
      "minecraft:lore": [
        "{\"text\":\"Form Changes\", \"color\":\"blue\", \"italic\":false}",
        "{\"color\":\"gray\",\"text\":\"Z-Crystal associated with the Black Tyranitar and allows it to\"}",
        "{\"color\":\"gray\",\"text\":\"upgrade its Rock Wrecker into the special Z Move Kaiju Cataclysm\"}"
      ]
    }
  }
}