{
    "type": "minecraft:crafting_shaped",
    "pattern": [
        "D D",
        " C ",
        "DSD"
    ],
    "key": {
        "S": {
            "item": "cobblemon:spell_tag"
        },
        "C": {
            "item": "minecraft:cobweb"
        },
        "D": {
            "item": "minecraft:dark_oak_planks"
        }
    },
    "result": {
    "id": "minecraft:wheat",
    "components": {
      "minecraft:custom_model_data": 260601,
      "mega_showdown:registry_type_component": "solo_fusion",
      "mega_showdown:registry_location_component": "poketwo:dream_catcher",
      "minecraft:item_name": "\"Dream Catcher\"",
      "minecraft:lore": [
        "{\"text\":\"Fusion\", \"color\":\"blue\", \"italic\":false}",
        "{\"color\":\"gray\",\"text\":\"An Item associated with Mismagius which allows it to\"}",
        "{\"color\":\"gray\",\"text\":\"posess the power of dreams and fuse with Rayquaza\"}"
      ]
    }
  }
}