{
	"format_version": "1.8.0",
	"animations": {
		"0": {
			"loop": true,
			"animation_length": 0.25,
			"bones": {
				"one": {
					"position": {
						"0.0": {
							"vector": [0, 0, 0]
						},
						"0.25": {
							"vector": [0, 0, 0]
						}
					}
				},
				"two": {
					"position": {
						"0.0": {
							"vector": [0, 0, 0]
						},
						"0.25": {
							"vector": [0, 0, 0]
						}
					}
				},
				"three": {
					"position": {
						"0.0": {
							"vector": [0, 0, 0]
						},
						"0.25": {
							"vector": [0, 0, 0]
						}
					}
				}
			}
		},
		"1": {
			"animation_length": 3.5,
			"bones": {
				"one": {
					"position": {
						"0.0": {
							"vector": [0, 0, 0]
						},
						"0.9167": {
							"vector": [0, 0, 0]
						},
						"1.0833": {
							"vector": [8, 8, 0],
							"easing": "easeInSine"
						},
						"1.25": {
							"vector": [16, 0, 0],
							"easing": "easeOutSine"
						},
						"1.9583": {
							"vector": [16, 0, 0]
						},
						"2.2083": {
							"vector": [0, 0, 0]
						},
						"2.2917": {
							"vector": [0, 0, 0]
						},
						"2.375": {
							"vector": [6.4, 8, 0]
						},
						"2.5": {
							"vector": [16, 0, 0]
						},
						"2.6667": {
							"vector": [16, 0, 0]
						},
						"2.8333": {
							"vector": [8, 8, 0]
						},
						"3.0": {
							"vector": [0, 0, 0]
						}
					},
					"scale": {
						"3.0833": {
							"vector": [1, 1, 1]
						},
						"3.2917": {
							"vector": [1.13, 1.13, 1.13],
							"easing": "easeInSine"
						},
						"3.5": {
							"vector": [1, 1, 1]
						}
					}
				},
				"two": {
					"position": {
						"0.0": {
							"vector": [0, 0, 0]
						},
						"0.25": {
							"vector": [0, 9, 0],
							"easing": "easeOutSine"
						},
						"0.4583": {
							"vector": [0, 9, 0],
							"easing": "easeOutSine"
						},
						"0.6667": {
							"vector": [0, 0, 0],
							"easing": "easeInSine"
						},
						"0.7083": {
							"vector": [0, 0.2, 0]
						},
						"0.8333": {
							"vector": [0, 0, 0],
							"easing": "easeInSine"
						},
						"1.3333": {
							"vector": [-16, 0, 0],
							"easing": "easeInOutSine"
						},
						"1.4583": {
							"vector": [-16, 0, 0]
						},
						"1.625": {
							"vector": [-24, 8, 0]
						},
						"1.7917": {
							"vector": [-32, 0, 0]
						},
						"2.4167": {
							"vector": [-32, 0, 0]
						},
						"2.5417": {
							"vector": [-25.6, 8, 0]
						},
						"2.6667": {
							"vector": [-16, 0, 0]
						},
						"2.75": {
							"vector": [-16, 0, 0]
						},
						"2.875": {
							"vector": [-7, 0, 0]
						},
						"3.0": {
							"vector": [0, 0, 0]
						}
					},
					"scale": {
						"3.0833": {
							"vector": [1, 1, 1]
						},
						"3.2917": {
							"vector": [1.13, 1.13, 1.13],
							"easing": "easeInSine"
						},
						"3.5": {
							"vector": [1, 1, 1]
						}
					}
				},
				"three": {
					"position": {
						"0.0": {
							"vector": [0, 0, 0]
						},
						"1.3333": {
							"vector": [0, 0, 0]
						},
						"1.8333": {
							"vector": [16, 0, 0],
							"easing": "easeInOutSine"
						},
						"1.9583": {
							"vector": [16, 0, 0]
						},
						"2.0833": {
							"vector": [24, 8, 0],
							"easing": "easeInSine"
						},
						"2.2083": {
							"vector": [32, 0, 0],
							"easing": "easeOutSine"
						},
						"2.2917": {
							"vector": [32, 0, 0]
						},
						"2.5833": {
							"vector": [0, 0, 0]
						},
						"2.6667": {
							"vector": [0, 0, 0]
						},
						"3.0": {
							"vector": [0, 0, 0]
						}
					},
					"scale": {
						"3.0833": {
							"vector": [1, 1, 1]
						},
						"3.2917": {
							"vector": [1.13, 1.13, 1.13],
							"easing": "easeInSine"
						},
						"3.5": {
							"vector": [1, 1, 1]
						}
					}
				},
				"treasure": {
					"scale": {
						"0.0": {
							"vector": [1, 1, 1]
						},
						"0.9167": {
							"vector": [1, 1, 1]
						},
						"0.9583": {
							"vector": [0, 0, 0]
						},
						"3.0": {
							"vector": [0, 0, 0]
						}
					}
				}
			}
		},
		"5": {
			"loop": "hold_on_last_frame",
			"animation_length": 0.75,
			"bones": {
				"one": {
					"position": {
						"0.0": {
							"vector": [0, 16, 0]
						},
						"0.375": {
							"vector": [0, 16, 0]
						},
						"0.6667": {
							"vector": [0, 0, 0],
							"easing": "easeInSine"
						}
					},
					"scale": {
						"0.0417": {
							"vector": [0, 0, 0]
						},
						"0.2083": {
							"vector": [1, 1, 1],
							"easing": "easeInOutSine"
						}
					}
				},
				"two": {
					"position": {
						"0.0": {
							"vector": [0, 16, 0]
						},
						"0.4583": {
							"vector": [0, 16, 0]
						},
						"0.75": {
							"vector": [0, 0, 0],
							"easing": "easeInSine"
						}
					},
					"scale": {
						"0.0833": {
							"vector": [0, 0, 0]
						},
						"0.25": {
							"vector": [1, 1, 1],
							"easing": "easeInOutSine"
						}
					}
				},
				"three": {
					"position": {
						"0.0": {
							"vector": [0, 16, 0]
						},
						"0.2917": {
							"vector": [0, 16, 0]
						},
						"0.5833": {
							"vector": [0, 0, 0],
							"easing": "easeInSine"
						}
					},
					"scale": {
						"0.0": {
							"vector": [0, 0, 0]
						},
						"0.1667": {
							"vector": [1, 1, 1],
							"easing": "easeInOutSine"
						}
					}
				},
				"treasure": {
					"position": {
						"vector": [0, 0, 0]
					},
					"scale": {
						"0.0": {
							"vector": [0, 0, 0]
						},
						"0.75": {
							"vector": [0, 0, 0]
						}
					}
				}
			}
		}
	},
	"geckolib_format_version": 2
}